Klub;Aarslev BK;Aarup BK;Aasum IF;Agedrup-Bullerup Boldklub;Allested U & IF;Allesø GF;Assens FC;Aunslev IF;B 1909;B 67;B Chang;B1913;BBB;BK Posten;BK Stjernen af 1968;BK Vestfyn;BK2020;Birkende BK;Bogense G & IF;Bolbro GIF;Boldklubben Enghaven;Boldklubben Marienlyst;Brenderup IF;Brylle BK;Båring GF;DBU Fyn;DSIO;Dalby IF;Dalum IF;Drigstrup BK;ERI;Ebberup IF;Egebjerg Fodbold;Ejby IK;F.C. Lange Bolde;FC Avrasya;FC BiH Odense;FC Broby;FC Campus;FC Faaborg;FC Hjallese;FC Kurant;FC Odense;FC Sydfyn;FC Zagros Odense;FIUK, Odense;FK Utopia;Faldsled/Svanninge SG & IF;Fjelsted/Harndrup IF;Fjordager IF;Flemløse BK;Fortuna Svendborg;Fraugde G & IF;Gelsted G & IF;Get2Sport;Gislev IF;Glamsbjerg IF;HERIF;Haarby Efterskole;Haarby IF;Herrested-Ørbæk Boldklub;Hesselager Fodbold;Holluf Pile-Tornbjerg IF;Horne f. Sp.;Hospitalets FK;Humble BK;Hårslev BK;Højby S & G;IF 09;Issø F16;KFUM.s BK Odense;KR 70;KRFK;KU BK;Kauslunde IF;Kerte GF;Kerteminde BK;Kildemosens BK;Kirkeby IF;Klinte Grindløse IF;Korinth IF;Krarup Espe Fodbold;Kværndrup BK;Langeskov IF;Langtved SG & IF;Longelse Sp.;Lumby IF 88;MG & BK;Marslev G & IF;Marstal IF;Morud IF;Munkebo BK;Nr. Aaby IK;Nr. Lyndelse / Søby F.C.;Nr. Søby BK;Nyborg G & IF;Næsby BK;OB Q;OKS;Odense Boldklub;Ommel BK;Ore Sogns GF;Otterup Bold- og Idrætsklub;Oure Fodbold Akademi;PDIF;Ringe BK;Rise S & IF;Rolfsted IF;Rudkøbing BK;Ryslinge BK;Røde Stjerne;S.K.F.I.F.;SUB Ullerslev;Sanderum BK;SfB;Skalbjerg BK;Skallebølle Sportsklub;Skamby BK;Skeby GF;Skovby GF;Skårup IF;Stenstrup IF;Stige Boldklub 2017;Strib IF;Særslev BK;Søhus IF;Søllinge Sport og Fritid;Søndersø BK;Tarup/Paarup IF;Thurø BK af 1920;Tommerup BK;Tranekær/Tullebølle IF;Tved BK;Tårup IF;Tåsinge f. B.;Ubberud IF;University College Lillebælt Football Club;Veflinge G & IF;Verninge IF;Vindinge BK;Vissenbjerg G & IF;ØB
Aarslev BK;0;34;16;19;19;30;47;26;19;12;19;16;22;23;30;44;22;17;48;22;18;22;36;24;37;22;22;36;16;27;32;46;33;35;24;19;16;25;15;36;19;28;17;29;13;20;19;34;35;20;39;25;8;35;19;21;33;16;34;33;22;35;12;39;44;59;39;7;19;25;24;23;43;32;40;39;29;23;20;54;31;19;17;17;26;52;28;44;18;96;29;24;39;9;12;26;28;22;17;19;98;47;35;36;18;12;114;9;46;17;20;17;21;18;25;28;24;40;39;44;34;25;29;43;41;25;10;37;26;26;29;43;27;27;28;26;13;35;27;23;27;19
Aarup BK;33;0;34;37;36;27;22;42;34;30;30;31;25;28;52;15;25;35;30;28;23;34;18;23;19;25;24;54;24;45;53;24;55;17;30;31;31;28;30;51;29;50;23;51;31;35;28;46;17;38;23;47;30;14;33;43;18;43;27;26;48;57;30;49;26;81;20;30;34;47;25;39;44;25;22;7;45;28;42;44;51;42;39;36;45;73;35;26;34;118;18;42;20;30;33;41;31;34;29;26;120;29;39;58;36;34;127;37;68;39;26;29;40;23;47;13;14;30;43;25;56;47;35;25;29;32;39;25;23;48;18;65;49;51;50;19;26;24;25;42;9;33
Aasum IF;17;34;0;8;25;19;49;24;7;8;8;11;21;15;36;43;14;11;41;16;15;10;36;25;37;14;15;25;14;17;38;49;39;34;13;9;7;30;8;42;10;34;16;36;8;7;11;40;35;8;41;32;11;34;8;27;35;24;40;39;30;41;10;45;44;65;38;15;7;31;17;10;32;24;40;38;17;15;27;42;37;26;24;16;19;58;17;44;4;102;29;13;38;15;18;23;16;10;8;12;104;46;23;43;6;19;120;18;52;23;13;22;20;17;32;28;24;28;27;39;40;31;17;43;30;13;24;26;18;32;30;49;33;33;35;22;14;32;29;24;26;8
Agedrup-Bullerup Boldklub;20;36;8;0;27;18;51;26;8;11;10;15;23;17;38;46;17;14;40;18;19;10;38;28;39;17;18;19;18;11;40;51;41;37;13;12;10;32;13;45;13;37;19;38;11;6;14;43;37;6;44;34;13;37;8;29;37;27;42;41;33;43;12;47;46;67;38;17;8;33;17;13;31;23;42;40;17;17;29;41;40;28;26;18;22;60;16;46;10;105;28;8;41;18;21;26;16;10;11;16;106;47;22;45;5;21;122;20;54;25;18;24;22;20;34;30;26;27;26;38;42;33;16;45;29;13;26;25;17;35;32;52;35;35;37;25;17;31;31;26;29;9
Allested U & IF;18;36;24;28;0;32;33;34;27;21;27;24;16;27;37;37;26;27;51;26;21;31;39;15;40;26;25;44;19;36;39;30;40;38;29;27;25;10;24;28;25;35;20;37;22;28;24;26;38;28;24;33;20;38;28;28;23;31;19;18;34;42;20;31;47;66;42;18;27;29;28;31;50;30;43;39;37;27;27;60;24;18;24;27;36;59;35;47;26;103;32;32;42;13;10;33;33;31;25;23;105;50;41;44;27;19;103;25;53;24;24;9;32;18;33;26;27;45;46;47;41;29;36;46;43;32;24;40;29;33;21;50;34;39;36;25;21;38;16;33;28;28
Allesø GF;30;27;19;18;32;0;44;39;14;21;13;21;18;14;49;37;11;28;24;15;17;12;29;23;30;11;13;34;17;26;51;46;52;28;10;14;16;32;19;55;15;47;16;49;22;13;15;53;27;16;41;45;24;28;13;40;35;38;41;40;44;54;21;58;37;78;22;26;14;44;10;28;22;7;33;32;32;14;40;29;50;39;37;30;37;71;9;37;23;116;13;23;32;27;30;38;6;12;17;15;117;31;17;56;14;32;133;31;65;36;13;25;35;17;45;21;16;14;21;22;53;44;14;36;13;10;37;9;10;45;23;62;46;47;48;10;21;15;29;38;20;14
Assens FC;47;22;48;52;33;44;0;56;49;45;46;45;32;44;65;10;42;50;48;43;37;50;31;30;30;42;41;68;39;60;67;7;58;24;46;46;45;27;44;41;43;63;37;65;46;50;42;36;34;52;12;61;44;22;48;56;15;58;15;17;63;70;44;40;35;94;39;45;49;52;42;53;60;42;31;15;60;44;56;62;42;42;53;50;59;87;52;35;49;132;34;56;27;39;40;56;48;50;44;40;133;41;55;72;51;47;117;51;81;52;41;31;55;35;61;27;31;47;60;43;69;52;52;37;46;49;53;42;40;61;28;78;62;65;64;36;40;40;22;56;26;49
Aunslev IF;26;41;22;26;34;38;56;0;27;20;27;24;29;31;42;51;30;16;55;30;25;30;43;33;44;30;29;26;23;20;47;56;48;42;32;27;25;38;24;52;27;42;24;42;19;26;27;50;43;26;49;41;19;42;27;24;43;20;47;46;17;29;21;54;51;74;46;25;27;40;32;17;51;39;47;46;14;31;36;61;47;35;33;13;7;67;36;51;20;112;36;23;46;25;28;11;36;30;25;27;113;54;42;36;25;28;129;18;61;28;28;29;7;25;41;35;31;47;46;51;40;40;36;50;48;33;21;44;34;41;37;58;39;20;44;33;23;42;37;10;34;27
B 1909;19;34;7;8;26;14;49;27;0;10;6;10;21;13;38;44;12;17;36;13;14;6;36;26;37;12;14;24;13;16;39;49;41;35;9;7;4;30;7;44;8;36;15;37;11;3;8;42;35;6;41;33;12;35;4;29;35;26;40;39;33;42;9;46;44;66;34;15;0;33;13;18;27;19;40;38;22;13;28;38;39;27;25;19;26;59;12;44;11;104;24;13;38;17;20;27;12;6;5;11;106;43;18;44;5;20;121;19;53;24;12;22;23;16;33;28;24;23;22;34;41;33;13;43;25;9;25;21;13;34;30;51;34;36;36;21;13;27;29;27;27;4
B 67;13;29;7;11;20;21;44;20;9;0;10;7;16;15;31;39;15;13;43;15;12;13;31;21;32;15;14;27;11;19;33;44;34;30;15;10;7;25;6;38;10;30;12;31;3;11;10;36;30;12;37;27;6;30;10;22;30;20;35;34;26;36;3;40;39;60;34;9;9;26;16;14;34;25;35;33;21;15;22;45;33;21;19;14;23;53;19;39;10;98;24;16;34;11;14;20;19;13;8;11;99;42;26;38;10;14;115;13;47;18;13;17;18;13;27;23;19;31;30;38;35;26;20;38;32;16;19;29;19;28;25;45;28;29;30;21;10;30;24;20;22;10
B Chang;19;31;8;10;27;13;45;28;6;10;0;10;18;8;38;40;7;17;35;8;11;6;33;22;34;7;9;26;10;17;40;45;41;31;5;2;4;28;7;44;3;36;11;38;11;5;5;42;32;8;38;34;13;31;3;29;32;26;38;37;33;43;10;47;40;67;33;16;6;33;9;19;27;17;36;35;24;8;29;37;39;28;26;20;27;60;12;40;12;104;22;14;35;17;20;27;11;6;4;7;106;42;18;45;6;20;122;20;54;25;8;20;24;12;34;24;20;23;22;33;42;33;12;40;24;8;26;20;11;34;26;51;35;37;37;16;11;26;26;27;23;3
B1913;16;31;11;15;23;22;46;25;10;6;10;0;18;15;34;41;14;17;44;14;13;13;33;22;34;14;13;32;10;23;36;46;38;31;15;11;8;27;6;41;10;33;13;34;8;11;10;39;32;14;38;30;9;32;11;25;32;23;37;36;30;39;6;43;41;63;35;12;10;30;15;19;35;24;37;35;25;15;25;45;36;24;22;18;27;56;20;41;15;101;26;20;35;14;17;24;19;13;8;10;102;43;26;41;12;17;118;16;50;21;12;19;23;15;30;25;21;31;30;40;38;30;20;40;33;16;22;29;18;31;27;48;31;33;33;21;10;32;26;24;24;11
BBB;20;25;21;24;16;18;32;29;21;17;19;18;0;16;39;30;15;22;39;15;10;22;27;9;29;15;12;41;11;32;41;32;42;26;18;19;18;16;17;41;16;37;10;38;18;23;15;39;27;25;25;34;17;26;21;30;18;30;24;24;35;44;17;43;35;68;30;17;21;34;15;26;38;15;31;29;32;16;29;45;37;29;26;23;32;61;24;35;21;105;20;29;30;17;18;29;20;22;16;13;107;38;31;45;23;21;116;24;55;26;13;9;27;7;34;14;15;30;35;35;43;34;25;34;29;21;27;25;14;35;13;52;36;38;37;10;13;26;13;29;17;22
BK Posten;23;28;15;17;27;14;44;32;13;15;8;14;16;0;41;38;5;23;36;6;9;11;30;21;31;5;6;33;9;25;43;44;44;29;7;8;10;28;12;47;7;40;8;41;17;12;6;45;29;15;37;37;18;29;10;32;30;32;36;36;38;46;15;49;38;70;33;18;13;36;7;25;28;16;34;33;31;0;32;39;42;31;29;25;33;63;13;38;19;108;21;22;33;19;22;31;12;11;8;6;109;41;19;48;14;24;125;25;57;28;5;19;30;9;37;22;17;24;24;35;45;36;14;37;25;10;29;22;10;38;24;55;38;40;40;13;12;27;25;31;21;11
BK Stjernen af 1968;29;52;34;38;36;49;65;42;37;31;38;34;39;41;0;62;41;37;66;40;35;41;54;41;55;41;40;54;34;46;14;63;19;53;42;38;35;43;34;37;38;2;35;1;32;38;37;43;53;38;56;9;30;53;38;21;51;31;51;50;26;19;30;46;62;42;56;29;37;17;42;41;62;49;58;56;47;41;11;72;33;27;17;38;46;35;47;62;36;79;47;42;56;27;30;39;47;41;35;37;81;64;53;12;37;22;97;35;29;24;38;35;42;36;9;46;42;58;57;61;9;17;47;61;58;44;29;55;45;5;47;26;6;27;12;44;33;53;45;36;45;38
BK Vestfyn;43;15;44;47;37;37;10;52;44;40;40;41;30;38;61;0;35;45;42;38;33;43;30;25;29;35;34;63;34;55;63;12;64;23;39;41;41;29;39;46;39;60;32;61;41;44;38;41;29;47;17;57;40;21;43;52;16;53;20;22;58;66;40;45;34;90;33;40;44;56;35;49;53;34;30;14;55;38;52;55;47;47;49;46;54;83;45;34;44;128;27;52;26;38;39;51;40;43;39;36;129;40;48;68;46;44;122;46;77;48;35;30;50;33;57;20;24;40;52;38;65;56;45;36;39;41;49;35;33;58;21;75;58;61;60;28;35;33;23;51;19;43
BK2020;22;25;15;17;26;11;42;31;13;14;7;13;15;5;40;35;0;22;33;6;8;10;28;20;29;0;4;33;8;25;42;43;43;26;6;8;9;27;11;46;6;39;7;40;16;12;6;44;27;15;35;36;17;26;10;31;29;31;35;34;37;45;14;49;35;69;30;17;13;35;3;24;27;12;31;30;30;5;31;38;42;30;28;25;32;62;13;35;19;107;17;21;30;18;21;30;9;10;8;6;108;38;19;47;13;23;124;24;56;27;4;18;29;8;36;19;15;23;23;32;44;35;13;35;22;9;28;18;7;37;21;54;37;40;39;10;12;23;23;30;18;10
Birkende BK;17;35;11;14;29;28;50;16;17;13;18;17;23;23;41;45;23;0;50;23;19;20;37;27;38;23;22;26;17;18;42;50;44;36;22;18;15;32;16;47;18;39;18;40;13;16;18;45;36;17;43;36;11;36;18;32;36;19;41;40;25;37;15;49;45;70;40;19;17;36;24;9;41;33;41;40;15;23;31;52;42;30;28;8;12;62;26;45;8;107;30;14;40;20;23;18;26;20;15;19;109;48;33;44;15;23;124;12;57;28;21;23;12;19;36;29;25;38;37;45;44;36;27;44;39;23;19;36;27;37;31;54;37;27;39;27;17;36;31;18;28;18
Bogense G & IF;48;30;41;40;52;24;48;56;36;43;35;43;39;36;66;42;33;50;0;37;37;34;20;40;24;33;35;56;39;48;68;51;69;27;32;36;38;48;41;72;37;64;37;66;44;35;37;70;21;38;50;62;44;29;35;57;46;58;54;54;63;71;43;74;36;95;10;45;36;61;32;50;22;29;32;33;54;36;57;16;67;56;54;50;59;88;28;36;45;133;23;45;29;44;47;56;28;34;39;37;134;11;28;73;36;49;150;51;82;53;36;44;55;37;62;31;30;19;35;6;70;61;33;35;12;31;54;19;32;62;36;79;63;65;65;32;40;20;45;56;27;36
Bolbro GIF;22;28;16;18;26;15;43;31;14;15;9;14;15;6;40;38;6;22;37;0;8;12;30;20;31;6;6;34;8;26;42;43;44;29;8;9;10;27;11;46;7;39;7;40;16;13;6;44;29;16;36;36;17;29;11;31;29;31;35;35;37;45;14;49;38;69;33;17;14;35;8;24;29;17;34;33;31;6;31;40;42;30;28;25;33;62;14;38;20;107;22;23;33;18;21;30;13;12;9;5;108;41;20;47;15;23;124;25;56;27;4;19;29;8;36;21;17;25;25;36;44;35;15;37;26;11;28;23;11;37;24;54;37;40;39;13;12;28;23;30;21;12
Boldklubben Enghaven;17;22;15;20;21;17;37;26;14;14;12;13;10;9;35;32;8;19;36;8;0;15;24;14;25;8;7;37;5;28;37;37;38;23;11;12;11;21;11;41;9;34;2;35;15;16;8;39;24;19;30;31;14;23;14;26;24;27;29;29;32;40;14;44;32;64;27;14;14;30;9;23;32;17;28;27;29;9;26;43;37;25;23;20;28;57;18;32;18;102;17;25;27;13;16;25;15;15;9;6;103;35;24;42;17;18;119;20;51;22;6;13;24;4;31;16;12;29;28;32;39;30;18;31;28;14;23;25;12;32;19;49;32;35;34;12;9;23;18;25;15;15
Boldklubben Marienlyst;22;34;11;10;30;12;50;30;6;13;6;13;22;11;41;44;10;20;34;12;15;0;36;27;37;10;12;26;15;18;43;50;44;35;8;8;8;33;11;47;8;39;14;41;14;5;11;45;35;8;43;37;16;35;5;32;36;29;42;42;36;46;13;50;44;70;33;19;6;36;11;20;25;18;40;38;24;11;32;36;42;31;28;22;29;63;11;44;15;107;22;14;38;20;23;30;10;0;9;11;109;41;17;48;6;23;125;23;57;28;11;25;26;15;37;27;23;22;21;33;45;36;11;43;23;7;29;20;12;37;29;54;38;39;40;19;16;25;31;30;27;6
Brenderup IF;36;18;36;40;40;30;31;45;37;33;33;34;28;30;54;30;28;38;20;30;26;36;0;28;9;28;27;56;27;48;56;37;57;8;32;33;34;37;32;60;32;53;25;54;34;37;31;58;6;40;39;50;33;15;35;45;34;46;43;42;51;59;32;63;18;83;16;33;37;49;28;42;41;27;14;22;48;30;45;34;55;44;42;38;47;76;38;18;37;121;19;45;12;32;35;44;33;36;32;29;122;12;40;61;38;37;138;39;70;41;28;32;43;26;50;21;18;32;44;15;58;49;38;17;25;34;42;27;26;51;25;68;51;53;53;21;28;21;34;44;17;36
Brylle BK;24;23;25;29;15;23;30;33;26;22;23;22;9;21;42;25;20;27;40;20;14;27;29;0;30;20;17;45;15;36;44;30;45;27;23;23;22;14;21;38;20;40;14;42;22;27;19;37;28;29;23;38;21;27;25;33;17;34;23;22;40;47;21;42;37;71;31;21;26;37;20;30;44;21;33;26;37;21;33;48;36;30;30;27;36;64;29;37;26;108;20;33;31;16;17;33;26;27;21;17;110;39;36;49;28;25;114;28;58;29;18;8;31;12;38;11;13;33;40;36;46;37;30;36;32;26;30;28;19;38;8;55;39;42;41;16;17;26;11;33;14;26
Båring GF;37;19;38;41;41;31;31;46;38;34;34;35;29;32;55;30;29;39;23;32;27;37;9;30;0;29;28;57;28;49;57;36;58;10;33;35;35;38;33;61;33;54;26;55;35;38;32;59;13;41;40;51;34;16;37;46;35;47;44;43;52;60;34;64;14;84;19;34;38;50;29;43;44;28;10;21;49;32;46;38;57;45;43;40;48;77;39;14;38;122;22;46;8;33;36;45;34;37;33;30;123;16;43;62;40;38;139;41;71;42;29;33;44;27;51;22;19;34;47;18;59;50;39;13;28;35;43;30;27;52;26;69;52;55;54;23;29;27;35;45;18;37
DBU Fyn;22;25;15;17;26;11;42;31;13;14;7;13;15;5;40;35;0;22;33;6;8;10;28;20;29;0;4;33;8;25;42;43;43;26;6;8;9;27;11;46;6;39;7;40;16;12;6;44;27;15;35;36;17;26;10;31;29;31;35;34;37;45;14;49;35;69;30;17;13;35;3;24;27;12;31;30;30;5;31;38;42;30;28;25;32;62;13;35;19;107;17;21;30;18;21;30;9;10;8;6;108;38;19;47;13;23;124;24;56;27;4;18;29;8;36;19;15;23;23;32;44;35;13;35;22;9;28;19;7;37;21;54;37;40;39;10;12;23;23;30;18;10
DSIO;21;24;15;18;25;13;41;30;14;14;9;13;12;6;40;34;4;22;35;6;7;12;26;17;27;4;0;34;8;26;42;42;43;25;8;9;11;26;10;45;8;38;6;39;15;13;7;43;25;16;35;36;17;25;11;31;28;30;34;34;36;45;14;48;34;69;29;17;14;35;5;24;29;14;30;29;30;6;30;40;41;30;27;24;32;62;14;34;19;106;19;23;29;18;21;30;11;12;9;5;108;37;20;46;15;22;124;24;56;27;4;18;28;7;36;18;13;25;24;34;44;35;15;33;24;11;28;20;7;36;19;53;37;39;38;9;11;25;22;30;17;12
Dalby IF;36;52;25;20;44;34;67;26;25;27;26;32;40;34;55;62;33;26;56;34;36;26;54;44;55;33;35;0;34;10;57;67;58;53;30;28;27;49;30;61;29;53;35;54;27;22;30;59;54;23;60;50;29;53;24;46;54;42;58;57;42;54;29;64;62;84;55;33;25;50;33;20;47;39;58;57;14;34;45;58;56;45;42;31;23;77;32;62;24;121;44;14;57;34;37;36;32;26;28;33;123;63;39;61;21;37;139;35;71;42;34;40;26;36;50;46;42;43;43;55;59;50;33;61;45;29;42;42;34;51;49;68;52;45;53;41;34;47;48;35;45;25
Dalum IF;15;24;14;19;19;18;39;24;13;11;11;10;11;9;33;33;8;17;38;8;5;15;26;15;27;8;7;35;0;26;35;39;36;24;11;10;9;20;9;39;8;32;5;33;13;14;7;37;25;17;31;29;12;25;13;24;25;25;29;28;30;38;11;42;34;62;28;11;13;28;10;21;32;19;30;28;27;9;24;43;35;23;21;18;26;55;17;34;16;100;19;23;28;11;14;23;15;15;8;5;101;36;23;40;15;16;117;18;49;20;6;11;22;7;29;18;14;28;28;33;37;28;18;33;29;14;21;25;12;30;20;47;30;33;32;15;6;25;19;23;17;13
Drigstrup BK;27;44;17;12;35;26;59;20;16;19;17;23;31;25;46;54;25;18;48;26;27;18;46;36;47;25;26;9;26;0;48;59;49;45;21;19;18;40;21;52;21;45;27;46;18;14;22;50;45;14;51;42;21;45;15;37;45;35;50;49;36;49;20;55;54;75;46;25;16;41;25;15;39;31;50;48;8;25;37;49;47;36;34;25;17;68;24;54;15;113;36;5;48;26;29;31;24;18;19;24;114;55;30;53;13;29;130;28;62;33;25;32;20;28;42;38;34;35;34;46;50;41;24;53;37;21;34;33;25;43;40;60;43;39;45;33;25;39;39;30;37;16
ERI;31;55;37;40;39;51;67;46;40;34;40;37;42;44;15;64;43;40;68;43;38;43;57;44;58;43;42;57;36;48;0;65;14;55;45;41;38;46;36;32;40;12;38;14;34;41;40;40;56;41;59;7;33;55;41;24;54;36;54;53;32;31;33;42;64;42;59;32;40;20;45;43;64;52;60;59;50;44;14;75;35;30;20;40;49;35;50;64;39;79;49;45;59;29;33;46;49;43;38;40;81;67;56;24;39;24;97;38;29;26;41;37;44;39;7;49;45;61;60;64;21;20;50;64;61;46;31;57;47;10;49;26;15;36;12;46;36;56;48;40;47;40
Ebberup IF;46;24;48;52;30;46;7;56;49;45;46;45;32;44;63;12;43;50;51;43;37;50;36;30;36;43;42;68;38;59;65;0;55;29;46;46;45;24;44;38;43;62;37;63;45;50;42;33;39;52;9;59;44;27;48;54;15;58;12;14;60;68;44;37;41;92;42;44;49;49;44;53;63;44;37;21;60;44;54;64;39;39;50;50;59;85;52;41;49;130;37;56;33;39;37;56;50;50;44;40;131;47;58;70;51;44;114;51;79;49;41;31;54;35;59;29;33;49;62;47;67;49;53;43;48;49;51;44;42;60;30;77;60;65;62;38;40;43;22;56;28;49
Egebjerg Fodbold;33;56;39;42;40;53;58;48;41;35;42;38;43;45;19;63;45;41;70;45;39;45;58;46;59;45;44;58;38;50;14;55;0;57;47;42;39;42;38;19;42;18;39;19;36;42;42;26;57;43;49;14;35;57;42;26;51;37;44;43;33;33;35;28;66;48;61;33;41;16;46;45;66;54;62;60;51;45;12;77;21;27;21;42;50;41;51;66;40;86;51;47;61;31;34;47;51;45;39;41;87;69;57;26;41;26;95;39;35;28;43;39;46;40;14;50;46;62;61;65;23;16;52;65;62;48;33;59;49;16;51;33;16;38;18;48;37;57;48;42;49;42
Ejby IK;34;16;35;38;38;28;24;43;35;31;31;32;26;29;53;23;26;36;27;29;24;35;8;27;9;26;25;54;25;46;54;30;56;0;31;32;32;35;31;58;30;51;24;52;32;36;29;56;11;38;34;48;31;8;34;44;32;44;37;39;49;57;31;61;16;82;21;31;35;48;26;40;45;26;12;15;46;29;43;41;54;42;40;37;45;74;36;16;35;119;19;43;10;31;34;42;32;35;30;27;121;19;40;59;37;35;136;38;69;40;27;30;41;24;48;19;16;32;44;21;56;48;36;15;30;33;40;27;24;49;23;66;49;52;51;20;27;25;32;42;15;34
F.C. Lange Bolde;25;30;14;13;29;10;46;33;9;16;6;16;18;7;43;40;6;23;32;8;11;8;32;23;33;6;8;30;11;21;45;46;46;31;0;7;9;30;12;49;7;42;10;43;17;9;8;47;31;11;39;39;18;31;8;34;32;32;38;38;39;48;15;51;40;72;30;20;9;38;7;24;24;14;36;34;27;7;34;34;45;33;31;25;32;65;9;40;18;110;19;18;34;21;24;33;8;8;9;8;111;39;15;50;10;26;127;25;59;30;7;21;29;11;39;23;19;20;19;30;47;38;9;39;21;6;31;17;9;40;25;57;40;42;42;15;14;23;27;33;23;9
FC Avrasya;20;31;9;12;27;14;46;28;7;10;3;11;18;8;38;41;8;18;36;9;11;8;33;22;34;8;9;28;10;19;40;46;41;32;7;0;4;29;7;45;4;37;11;38;12;7;6;43;32;10;38;34;13;32;5;29;32;27;38;37;34;43;10;47;41;67;34;16;7;33;10;19;28;18;37;35;25;8;29;38;40;28;26;20;27;60;13;41;13;105;22;16;35;18;21;28;12;8;4;7;106;43;19;45;8;21;122;20;54;25;8;21;24;12;34;24;20;24;23;34;42;33;13;40;25;10;26;21;12;35;26;52;35;37;37;16;11;27;26;28;24;5
FC BiH Odense;16;31;7;10;24;16;46;25;4;7;4;8;18;10;35;41;10;15;38;10;11;8;33;22;34;10;11;27;10;18;37;46;38;31;9;4;0;27;5;41;5;34;12;35;9;6;5;40;32;8;38;31;10;32;5;26;32;24;37;36;30;40;7;44;41;64;35;13;4;30;12;17;29;20;37;35;23;10;26;40;37;25;23;17;25;57;14;41;11;102;25;15;35;15;18;25;14;8;2;8;103;43;20;42;7;18;119;17;51;22;9;19;21;13;31;25;21;25;25;36;39;30;15;40;27;11;23;23;14;32;27;49;32;34;34;18;10;29;26;25;24;5
FC Broby;25;29;30;33;9;32;26;38;30;26;28;27;16;28;44;29;27;31;48;27;21;33;38;14;39;27;26;50;20;41;46;23;42;36;30;28;27;0;26;26;26;42;21;44;27;32;25;24;36;34;17;40;26;35;31;35;15;38;12;11;41;49;26;29;45;73;39;24;30;30;28;35;51;30;41;31;41;28;35;57;24;19;31;32;41;66;36;45;30;110;29;38;40;18;16;37;34;33;25;24;112;48;42;51;32;25;101;31;60;30;25;10;36;19;40;19;22;42;46;44;48;30;36;45;41;33;30;37;29;40;13;57;41;46;43;25;21;35;7;38;22;31
FC Campus;15;29;8;13;23;19;44;24;7;6;8;5;17;12;34;39;11;15;41;11;11;11;31;21;32;11;10;30;9;21;36;44;37;30;12;8;5;26;0;40;7;32;11;34;7;9;7;38;31;11;37;30;9;30;8;25;31;22;35;34;29;39;6;43;39;63;34;12;7;29;12;17;32;21;35;34;23;12;24;43;35;24;21;18;25;56;17;39;13;100;24;18;34;13;16;24;17;11;4;7;102;42;23;41;10;16;118;16;50;21;9;18;22;13;30;23;19;28;27;39;38;29;18;38;30;14;22;26;15;30;26;47;31;33;33;18;8;30;25;24;22;8
FC Faaborg;36;51;41;45;28;55;41;51;44;38;45;41;40;47;38;46;46;44;71;46;41;48;60;38;61;46;45;61;39;53;33;38;19;58;49;45;42;26;41;0;45;36;41;37;39;45;44;9;59;45;32;32;38;58;45;35;34;47;27;25;42;47;37;11;68;67;62;36;44;28;47;48;69;55;64;53;54;47;31;79;12;24;28;45;53;59;54;68;43;91;52;50;62;30;28;50;53;48;42;42;92;70;60;44;44;31;78;42;54;35;44;33;49;42;32;43;47;65;64;67;41;28;54;67;64;51;41;60;50;34;37;51;35;47;36;49;40;59;32;50;46;45
FC Hjallese;19;29;11;12;26;14;44;28;8;11;3;10;17;7;38;39;7;18;36;8;10;8;31;21;32;7;9;29;8;20;40;44;41;30;7;4;5;27;7;44;0;36;10;38;12;8;3;42;30;11;37;34;13;30;6;29;30;27;36;35;34;43;10;47;39;67;34;15;8;33;9;20;28;17;35;34;26;7;29;39;39;28;26;20;28;60;13;39;15;105;22;17;34;17;21;28;12;8;3;6;106;42;19;45;9;21;122;20;54;25;8;18;25;12;34;23;19;24;24;35;42;33;14;38;25;10;26;22;11;34;25;51;35;37;37;15;9;28;25;28;22;6
FC Kurant;27;51;33;36;35;47;63;41;36;29;36;33;38;40;3;60;39;36;64;39;34;39;53;40;54;39;38;53;32;44;12;61;18;51;41;36;34;42;32;36;36;0;34;2;30;37;36;42;52;37;55;6;29;51;37;20;49;31;50;49;26;20;29;45;60;40;55;28;36;16;41;39;60;48;56;55;46;40;10;71;31;26;16;36;45;32;46;60;35;77;45;41;55;25;28;38;45;39;34;36;79;63;52;12;35;20;94;34;26;22;37;33;40;35;6;45;40;57;56;60;9;16;46;60;57;42;27;53;43;2;45;24;5;26;9;42;32;51;44;35;43;36
FC Odense;17;22;16;20;20;16;37;26;15;14;11;14;10;8;35;32;7;19;36;7;2;14;24;14;25;7;6;36;5;28;37;37;38;23;10;11;12;21;11;41;9;33;0;35;15;16;9;39;23;18;30;31;13;23;13;26;23;27;29;29;32;40;13;43;32;64;27;14;15;30;8;22;31;17;28;26;29;8;26;42;36;25;23;19;28;57;16;32;18;102;17;25;27;13;16;25;14;14;10;6;103;35;22;42;17;18;119;20;51;22;5;13;24;3;31;16;12;27;27;31;39;30;17;31;27;13;23;23;11;31;18;48;32;34;34;11;9;23;17;25;15;14
FC Sydfyn;28;52;34;38;36;49;64;42;37;31;37;34;39;41;1;61;40;37;65;40;35;40;54;41;55;40;40;54;33;45;14;62;19;52;42;38;35;43;33;37;37;2;35;0;31;38;37;43;53;38;56;9;30;52;38;21;51;31;51;50;26;20;30;46;62;42;56;29;37;17;42;40;62;49;58;56;47;41;11;72;32;27;17;37;46;35;47;62;36;79;47;42;56;26;30;39;46;40;35;37;81;64;53;12;37;21;97;35;29;23;38;34;42;36;9;46;42;58;57;61;9;17;47;61;58;43;28;54;44;4;47;26;6;27;12;43;33;53;45;35;44;38
FC Zagros Odense;13;30;7;11;21;22;44;20;11;3;11;8;17;17;32;39;16;12;43;16;13;14;32;21;33;16;15;27;11;19;34;44;35;30;16;11;9;26;7;38;11;30;13;32;0;11;12;36;31;11;37;28;7;30;12;23;31;20;35;34;26;37;5;41;40;61;34;10;11;27;17;14;35;26;36;34;20;17;22;46;33;22;19;14;22;54;21;40;9;98;24;15;34;11;14;19;20;14;9;13;100;42;27;39;10;14;116;14;48;19;14;18;18;14;28;24;20;32;31;39;36;27;21;39;33;17;20;30;20;28;26;45;29;29;31;21;11;31;25;19;22;11
FIUK, Odense;20;35;7;6;28;13;50;27;4;11;5;11;23;13;39;45;12;16;35;13;16;5;37;27;38;12;14;22;14;14;41;50;42;36;9;7;6;32;9;45;8;37;15;38;11;0;9;43;36;4;43;34;13;36;3;30;36;27;41;40;33;44;11;48;45;68;33;17;4;34;12;16;26;18;41;39;20;13;29;37;40;29;26;19;25;61;11;45;12;105;23;11;40;18;21;26;11;5;7;11;107;42;17;45;3;21;123;21;55;26;13;23;23;17;34;28;24;22;22;33;43;34;12;44;24;8;26;20;13;35;30;52;36;36;37;20;14;26;30;26;28;4
FK Utopia;19;28;11;14;24;16;42;28;8;11;5;9;15;6;38;37;6;18;38;7;8;10;30;19;31;6;7;31;6;22;40;42;41;28;8;5;5;25;7;44;2;36;8;38;12;10;0;42;29;13;35;34;13;28;8;29;29;27;34;33;34;43;10;47;37;67;32;14;8;33;8;20;29;17;33;32;26;6;29;40;39;28;26;20;28;60;15;37;15;104;22;19;32;16;19;28;13;10;3;4;106;40;21;45;11;21;122;20;54;25;6;17;25;10;34;22;17;26;25;36;42;33;15;37;27;11;26;23;12;34;24;51;35;37;37;14;8;28;23;28;20;8
Faldsled/Svanninge SG & IF;34;46;40;43;26;53;36;49;42;36;43;39;39;45;44;41;44;42;70;44;39;46;58;37;59;44;43;59;37;51;40;33;26;56;47;43;40;24;39;9;43;42;39;44;37;43;42;0;57;44;27;39;36;56;43;35;29;47;22;20;43;47;36;9;66;73;60;34;42;28;46;46;67;53;62;48;52;45;33;78;13;24;28;43;52;66;52;66;41;96;51;48;60;28;26;49;51;46;40;41;97;68;58;49;42;30;83;40;60;34;42;31;47;40;39;42;45;63;63;65;48;28;53;65;62;49;39;58;48;40;35;57;41;47;43;47;38;57;30;49;44;43
Fjelsted/Harndrup IF;35;17;36;39;39;27;34;44;36;32;32;33;27;30;53;29;27;37;21;30;25;35;7;28;13;27;26;55;26;47;55;39;56;11;31;33;33;36;31;59;31;52;24;53;33;36;30;57;0;39;38;49;32;15;35;44;33;45;42;41;50;58;32;62;23;82;12;32;36;48;27;41;42;25;19;21;47;30;44;35;55;43;41;38;46;75;34;23;36;120;15;44;17;31;34;43;31;35;31;28;121;17;36;60;38;36;137;38;69;40;27;31;42;25;49;18;17;28;41;17;57;48;37;22;22;33;41;23;25;50;24;67;50;53;52;20;27;18;32;43;15;35
Fjordager IF;20;37;8;7;28;16;52;27;7;12;8;14;24;16;39;46;15;17;38;16;19;8;39;28;40;15;17;23;17;14;41;52;42;37;12;10;9;33;12;45;11;37;19;39;11;4;12;43;38;0;44;35;14;37;6;30;38;28;43;42;33;44;13;48;47;68;36;18;7;34;15;17;29;21;43;41;20;16;30;40;40;29;27;19;26;61;14;47;12;105;26;11;41;18;21;26;14;8;10;14;107;45;20;46;3;22;123;21;55;26;16;25;23;20;35;31;27;25;25;36;43;34;15;46;27;11;27;23;16;35;33;52;36;36;38;23;17;29;32;27;29;7
Flemløse BK;39;23;41;44;24;41;12;49;41;37;38;38;25;37;57;17;36;42;50;36;30;43;39;23;40;36;34;60;31;52;59;9;49;34;39;39;38;17;37;32;36;55;29;56;38;42;35;27;38;45;0;52;37;32;41;48;8;50;5;7;54;62;37;30;46;86;41;37;41;43;37;46;60;39;42;25;52;37;47;63;32;32;43;43;52;79;45;46;41;123;36;49;38;32;30;48;43;43;36;33;125;49;51;63;43;38;108;44;73;43;33;24;47;27;52;28;32;48;55;46;61;43;45;46;47;42;45;43;38;53;23;70;54;58;55;34;33;42;15;49;27;42
Fortuna Svendborg;25;48;31;34;33;45;61;40;34;27;34;31;36;38;9;58;37;34;62;37;32;37;50;38;51;37;36;51;30;42;7;59;14;49;39;34;31;40;30;32;34;7;31;9;28;35;34;39;50;35;53;0;27;49;34;18;47;30;48;47;26;25;27;42;58;37;53;26;34;14;39;37;58;46;54;53;43;38;8;69;29;24;14;34;43;30;43;58;33;74;43;39;53;23;26;40;43;37;32;34;76;61;50;18;33;18;92;32;24;20;35;31;38;32;0;42;38;55;54;58;15;14;44;57;55;40;25;51;41;4;43;21;9;30;7;40;30;49;42;34;41;34
Fraugde G & IF;9;29;9;13;20;24;44;19;12;6;12;9;16;18;31;39;17;11;43;17;12;16;31;21;32;17;16;29;11;21;33;44;34;30;17;13;10;25;9;37;13;30;12;31;7;13;13;36;30;13;36;27;0;30;13;22;30;16;35;34;22;37;5;40;39;60;33;9;12;26;19;14;37;27;35;33;21;18;22;47;33;21;19;13;22;53;22;39;10;98;24;17;33;11;14;19;22;16;10;14;99;41;28;38;12;14;115;9;47;18;15;17;17;13;27;23;19;33;32;38;35;26;22;38;35;19;16;31;21;28;25;45;28;27;30;21;10;30;24;19;22;13
Gelsted G & IF;34;13;35;39;38;28;21;43;35;32;31;32;26;29;53;21;26;37;29;29;24;35;15;27;16;26;25;55;25;46;55;27;56;8;31;32;33;35;31;58;30;51;24;53;32;36;29;56;15;39;32;49;31;0;34;44;29;44;35;37;50;58;31;60;23;82;20;32;35;48;26;40;45;26;19;9;46;29;43;43;54;43;40;37;46;75;36;23;36;119;19;43;16;31;34;43;32;35;31;27;121;25;40;60;37;35;137;38;69;40;27;31;41;24;49;18;17;32;44;25;57;48;37;22;29;33;41;27;24;49;23;66;50;52;52;20;27;24;32;43;14;35
Get2Sport;20;33;8;8;27;13;48;28;4;10;3;11;21;10;38;43;10;18;35;11;14;5;35;25;36;10;12;24;12;15;40;48;41;34;8;5;5;30;8;45;6;37;13;38;12;3;7;43;34;6;41;34;13;34;0;29;34;27;40;39;34;43;10;47;43;67;34;16;4;33;12;18;26;19;39;37;21;10;29;37;40;28;26;20;27;60;12;43;12;105;24;12;38;18;21;28;11;5;6;9;106;42;18;45;4;21;122;20;54;25;11;22;24;15;34;27;23;23;22;34;42;33;12;42;24;8;26;21;13;35;29;52;35;37;37;18;13;26;29;28;26;1
Gislev IF;20;43;26;29;28;40;56;24;29;22;29;26;31;33;23;53;32;29;57;32;27;32;46;33;47;32;31;46;25;37;24;54;26;44;34;29;27;35;25;35;29;21;27;22;23;30;29;35;45;30;48;18;22;44;30;0;42;13;43;42;9;22;22;38;53;52;48;21;29;18;34;32;53;41;49;48;37;33;13;64;24;19;10;28;31;44;39;53;28;89;38;34;48;18;21;24;38;32;27;29;91;56;45;25;28;13;106;20;39;8;30;26;24;28;18;38;33;50;49;53;27;18;39;53;50;35;18;46;36;19;38;36;19;13;21;35;25;44;37;17;36;29
Glamsbjerg IF;33;18;34;38;23;35;15;43;35;31;32;32;18;30;51;16;29;36;46;29;23;37;34;17;35;29;28;54;25;46;53;15;51;33;33;32;32;15;30;34;29;50;23;51;32;36;29;29;33;38;8;47;31;29;35;42;0;44;10;9;49;56;30;32;42;80;36;31;35;44;31;40;54;33;38;20;46;30;42;58;34;33;39;36;45;73;39;42;35;118;31;43;36;25;27;42;36;37;30;26;119;44;45;58;37;34;110;37;67;38;27;17;41;21;47;22;26;43;49;41;55;44;39;41;42;35;39;39;31;48;16;65;48;51;50;27;26;37;8;42;22;35
HERIF;16;43;23;27;31;38;58;20;26;20;26;23;30;32;31;52;31;19;56;31;26;29;45;34;46;31;30;41;24;34;36;58;37;43;31;27;24;38;22;47;27;31;26;31;20;27;27;47;44;27;50;30;16;43;27;13;44;0;47;46;7;21;19;50;53;63;47;19;26;29;32;24;51;40;49;47;28;32;25;61;36;27;22;16;24;56;36;53;21;101;38;31;47;22;25;20;35;29;24;28;102;55;42;28;26;21;118;7;50;17;29;30;17;27;30;37;33;47;46;52;32;29;36;52;48;32;9;45;35;31;39;48;28;12;33;34;24;44;38;14;35;26
Haarby Efterskole;34;27;40;43;19;41;15;48;40;36;38;37;24;36;52;20;35;41;54;35;29;43;43;23;44;35;34;59;30;51;54;12;44;37;39;38;37;12;35;27;35;50;29;51;37;41;35;22;42;44;5;47;36;35;40;43;10;47;0;2;49;57;35;25;49;81;45;33;40;38;37;45;60;39;45;28;51;36;42;67;27;27;38;41;50;74;45;49;40;118;39;48;40;28;25;47;42;43;35;32;120;53;51;58;42;33;103;41;68;38;33;20;46;27;47;29;32;51;55;50;56;38;45;50;50;41;40;47;37;48;22;65;49;53;50;33;31;45;14;47;31;41
Haarby IF;33;26;38;42;18;40;17;47;39;35;37;36;24;36;51;22;35;40;54;35;29;42;42;22;43;35;33;58;29;50;53;14;42;39;38;37;36;11;34;25;35;49;28;50;36;40;33;20;41;43;7;46;35;37;39;42;10;46;2;0;48;56;34;24;50;80;44;32;39;37;36;44;59;38;46;28;50;36;41;66;26;26;37;40;49;73;44;50;39;117;38;47;42;27;24;46;42;42;34;32;119;52;50;57;41;32;102;40;67;37;32;19;45;26;46;28;31;51;54;49;55;37;44;49;50;41;39;46;37;47;22;64;48;52;49;33;30;44;14;46;30;40
Herrested-Ørbæk Boldklub;22;48;29;32;34;44;62;17;32;26;33;30;35;37;26;58;37;24;62;37;31;36;50;39;51;37;36;42;30;36;32;60;33;49;38;33;30;41;29;42;33;26;31;26;26;33;33;43;49;33;54;26;22;49;33;9;49;7;49;48;0;16;26;45;58;59;53;26;32;25;38;28;57;46;54;52;30;37;21;68;32;25;18;21;24;52;42;58;27;97;43;37;53;24;28;18;42;36;31;33;98;61;49;23;31;19;114;14;46;14;35;32;17;32;26;42;38;53;53;57;27;25;43;57;54;39;15;51;41;26;44;43;23;7;29;40;29;49;43;11;41;33
Hesselager Fodbold;34;57;41;44;42;54;70;29;43;36;43;40;45;47;20;67;46;37;71;46;41;46;59;47;60;46;45;54;39;48;31;68;33;58;48;43;40;49;39;47;43;20;41;20;38;45;43;47;59;45;62;25;37;58;43;22;56;21;57;56;16;0;36;50;67;58;62;35;43;25;48;40;67;55;63;62;42;47;21;78;36;33;19;34;36;51;52;67;39;96;52;49;62;32;35;22;52;46;41;43;97;70;59;9;43;27;113;28;45;29;44;40;30;41;25;51;47;64;63;67;13;25;53;66;64;49;30;60;50;21;52;42;17;10;28;49;39;58;51;21;50;43
Holluf Pile-Tornbjerg IF;12;28;9;13;19;21;43;22;9;3;10;6;16;15;31;38;15;14;42;15;12;13;30;20;31;15;14;29;10;21;32;43;34;29;15;10;7;25;6;37;10;29;11;30;5;11;10;35;29;13;36;26;5;29;10;22;29;19;34;33;26;35;0;39;38;60;33;8;9;26;16;16;34;25;34;33;22;15;21;45;32;21;18;16;24;52;19;38;12;97;23;17;33;10;13;21;19;13;7;11;99;41;25;37;12;13;114;13;47;18;12;16;20;12;26;22;18;30;30;38;35;26;20;37;32;16;18;28;19;27;24;44;27;30;29;20;10;29;24;21;21;10
Horne f. Sp.;39;50;44;48;31;58;40;54;47;41;48;44;43;49;47;45;49;47;74;49;44;51;63;42;64;49;48;64;42;56;42;37;28;61;52;48;45;29;44;11;48;45;44;47;42;48;47;10;62;48;30;42;40;60;48;38;33;50;25;24;45;50;40;0;70;76;65;39;47;31;50;51;72;58;66;52;57;49;35;82;15;26;31;48;56;69;57;70;46;98;55;52;65;33;31;53;56;51;45;45;100;73;63;51;47;34;85;45;63;38;47;36;52;45;42;47;50;68;67;70;51;31;57;70;67;54;44;63;53;43;41;60;44;50;45;52;43;61;35;53;50;48
Hospitalets FK;43;25;44;47;47;37;35;52;44;40;40;41;35;38;62;34;35;45;36;38;33;44;18;36;15;35;34;64;34;55;63;41;65;16;40;41;41;45;40;67;39;60;33;61;41;45;38;65;23;48;46;57;40;23;43;53;41;53;49;49;58;67;40;70;0;91;30;40;44;57;35;49;54;35;8;26;55;38;52;50;63;52;49;46;55;83;45;0;44;128;28;52;14;40;43;51;41;44;39;36;130;28;49;68;46;44;146;47;78;49;36;39;50;33;57;28;25;41;53;30;66;57;45;9;39;42;49;36;33;58;33;75;59;61;60;29;36;34;41;52;24;43
Humble BK;58;82;64;67;66;78;94;73;67;61;67;64;69;71;42;91;70;67;95;70;65;70;84;71;85;70;69;84;63;75;42;92;49;82;72;68;65;73;63;68;67;40;65;42;61;68;67;73;83;68;86;37;60;82;68;51;81;63;81;80;59;59;60;76;91;0;86;59;67;47;72;70;91;79;87;86;77;71;41;102;62;57;47;67;76;15;77;91;66;72;76;72;86;56;59;73;76;70;65;67;73;94;83;51;66;51;89;65;21;53;68;64;71;66;37;76;71;88;87;91;49;47;77;91;88;73;58;84;74;38;76;18;42;63;34;73;63;83;75;67;74;67
Hårslev BK;38;20;39;38;42;22;38;47;34;35;33;36;30;33;57;33;30;40;10;33;28;33;16;31;19;30;29;55;29;46;59;42;60;21;30;34;36;39;35;62;34;55;28;56;36;34;33;60;12;36;41;52;35;20;34;48;36;48;45;44;53;62;35;65;30;86;0;35;34;52;29;44;31;24;26;24;50;33;47;24;58;47;44;41;50;79;26;30;39;123;14;43;24;35;38;47;26;33;35;31;125;11;29;63;35;39;141;42;73;44;31;35;45;28;52;22;21;20;33;6;61;52;31;29;10;29;45;17;27;53;27;70;54;56;55;23;31;12;36;47;18;35
Højby S & G;7;30;14;18;19;27;45;27;15;9;16;13;18;18;30;40;18;19;44;18;14;19;32;21;33;18;17;34;11;25;32;45;33;31;21;16;13;24;12;36;15;28;13;30;10;17;14;34;32;18;37;26;9;31;16;21;31;19;33;32;26;35;9;39;40;59;35;0;15;25;19;21;40;28;36;35;27;18;20;51;31;20;17;19;28;52;25;40;16;96;25;22;35;9;12;26;25;19;13;14;98;43;32;36;17;12;114;13;46;17;15;15;23;14;26;24;20;37;36;40;34;25;26;39;37;22;16;33;22;26;27;43;27;30;29;22;8;31;25;26;23;16
IF 09;19;34;7;8;26;14;49;27;0;10;6;10;21;13;38;44;12;17;36;13;14;6;36;26;37;12;14;24;13;16;39;49;41;35;9;7;4;30;7;44;8;36;15;37;11;3;8;42;35;6;41;33;12;35;4;29;35;26;40;39;33;42;9;46;44;66;34;15;0;33;13;18;27;19;40;38;22;13;28;38;39;27;25;19;26;59;12;44;11;104;24;13;38;17;20;27;12;6;5;11;106;43;18;44;5;20;121;19;53;24;12;22;23;16;33;28;24;23;22;34;41;33;13;43;25;9;25;21;13;34;30;51;34;36;36;21;13;27;29;27;27;4
Issø F16;25;48;31;34;29;45;52;40;33;27;34;30;35;37;18;57;37;33;62;37;31;37;50;38;51;37;36;50;30;42;20;50;16;49;39;34;31;30;30;28;34;16;31;18;28;34;34;28;49;35;43;14;27;49;34;18;44;29;38;37;25;25;27;31;58;47;53;25;33;0;38;37;58;46;54;52;43;37;6;69;17;14;9;34;42;40;43;58;32;84;43;39;53;23;26;39;43;37;31;33;86;61;49;24;33;18;102;31;34;20;35;31;38;32;14;42;38;54;53;57;22;0;44;57;54;40;25;51;41;14;42;31;14;30;17;40;29;49;36;34;41;34
KFUM.s BK Odense;23;25;17;17;27;10;42;32;13;16;9;15;15;7;42;35;3;24;32;8;9;11;27;20;28;3;5;33;9;24;43;44;45;26;8;10;12;28;12;47;8;40;8;41;17;12;8;45;27;15;37;37;18;26;12;33;30;32;36;36;38;46;16;50;35;71;29;18;13;37;0;25;27;11;31;30;31;7;32;37;43;32;29;26;34;63;12;35;21;108;16;21;30;19;22;31;8;11;10;7;110;38;18;48;13;24;125;26;58;29;5;20;30;9;37;19;14;22;22;30;46;37;13;34;21;9;29;17;6;38;21;55;38;41;40;10;13;22;25;32;18;12
KR 70;23;39;10;13;31;28;54;17;17;15;18;19;26;25;42;49;24;9;50;24;22;20;41;31;42;24;24;20;21;15;44;54;45;40;24;20;17;35;17;48;20;41;22;42;14;16;20;46;40;17;46;38;14;40;18;33;40;24;45;44;28;40;16;51;49;71;43;21;17;37;26;0;41;33;45;43;7;25;33;52;43;32;30;13;11;64;26;49;9;109;34;12;43;21;25;24;26;20;17;21;110;51;33;47;15;25;126;18;58;29;22;27;12;23;38;33;29;37;37;48;46;37;27;48;39;23;24;36;28;38;35;56;39;31;41;31;20;40;34;23;32;18
KRFK;43;43;31;31;50;22;60;51;27;34;27;34;38;28;62;53;27;41;22;29;32;25;41;44;44;27;29;47;32;39;64;62;65;44;23;28;29;51;32;68;28;60;31;62;35;26;29;66;42;29;60;58;37;44;26;53;53;50;59;59;57;67;34;71;54;91;30;40;27;57;27;41;0;28;50;48;45;28;52;13;63;52;49;43;50;84;18;54;36;128;28;35;48;41;44;51;24;25;30;29;130;31;11;69;27;44;146;44;78;49;28;42;47;32;58;39;36;14;18;26;66;57;23;53;24;20;50;21;28;58;43;75;59;60;61;30;35;28;48;51;36;27
KU BK;31;25;24;23;30;7;41;40;19;25;17;24;15;16;50;34;12;33;29;17;17;17;27;21;28;12;14;39;18;31;51;44;53;25;14;18;20;30;21;55;17;48;16;49;26;18;17;53;25;21;39;45;27;25;18;41;32;41;38;38;46;54;25;57;35;78;23;28;19;45;11;33;28;0;31;29;37;16;40;34;51;39;37;34;42;71;15;35;28;116;11;28;29;28;30;39;11;17;19;16;118;34;23;56;19;32;133;35;65;36;15;23;38;16;45;18;14;19;27;27;53;45;19;34;18;15;37;14;9;46;20;63;46;49;48;7;22;16;27;39;17;19
Kauslunde IF;39;21;40;43;43;33;31;48;40;36;36;37;31;34;58;30;31;41;32;34;29;40;14;32;11;31;30;60;30;51;59;37;61;12;36;37;37;41;36;63;35;56;29;57;37;41;34;61;19;44;42;53;36;19;39;49;37;49;44;45;54;63;36;66;8;87;26;36;40;53;31;45;50;31;0;22;51;34;48;46;59;48;45;42;51;79;41;8;40;124;24;48;10;36;39;47;37;40;35;32;126;24;45;64;42;40;142;43;74;45;32;35;46;29;53;24;21;37;49;26;62;53;41;9;35;38;45;32;29;54;29;71;55;57;56;25;32;30;37;48;20;39
Kerte GF;38;7;38;42;38;31;15;46;39;35;35;35;29;32;56;14;30;40;33;32;27;38;21;26;21;30;28;58;29;50;58;21;59;14;34;35;36;30;34;53;33;54;27;56;36;39;33;48;21;42;25;52;34;9;37;47;20;48;29;28;53;61;34;51;26;85;24;35;39;51;30;43;48;29;22;0;50;32;47;48;53;46;44;40;49;78;39;26;39;123;22;46;18;34;37;46;35;38;34;30;124;32;43;63;40;39;129;41;72;43;30;31;45;27;52;17;19;35;48;29;60;51;40;28;34;36;44;30;28;52;22;69;53;55;55;23;30;28;27;46;14;38
Kerteminde BK;29;45;17;18;37;32;60;14;22;21;24;25;33;31;49;55;31;15;54;31;29;24;47;37;48;31;30;14;27;8;50;60;52;46;27;26;23;41;24;55;26;47;28;48;21;20;26;53;46;20;53;44;21;46;22;37;46;29;51;50;30;42;23;57;55;77;50;27;22;44;31;8;45;37;51;50;0;31;39;56;50;38;36;18;10;70;30;55;16;115;40;12;50;28;31;24;30;24;23;27;117;58;36;49;19;31;132;23;64;35;28;33;13;29;44;39;35;41;40;52;52;44;31;54;43;27;29;39;31;45;41;62;45;33;47;37;27;45;41;23;38;23
Kildemosens BK;23;28;15;17;27;14;44;32;13;15;8;14;16;0;41;38;5;23;36;6;9;11;30;21;31;5;6;33;9;25;43;44;44;29;7;8;10;28;12;47;7;40;8;41;17;12;6;45;29;15;37;37;18;29;10;32;30;32;36;36;38;46;15;49;38;70;33;18;13;36;7;25;28;16;34;33;31;0;32;39;42;31;29;25;33;63;13;38;19;108;21;22;33;19;22;31;12;11;8;6;109;41;19;48;14;24;125;25;57;28;5;19;30;9;37;22;17;24;24;35;45;36;14;37;25;10;29;22;10;38;24;55;38;40;40;13;12;27;25;31;21;11
Kirkeby IF;20;44;26;30;28;41;56;36;29;23;29;26;31;33;12;53;32;29;57;32;27;32;46;33;47;32;31;46;25;37;14;54;12;44;34;30;27;35;25;31;29;10;27;12;23;30;29;33;45;30;48;8;22;44;30;13;43;25;43;42;21;21;22;35;54;41;48;21;29;6;34;32;54;41;50;48;39;33;0;64;22;18;8;29;38;34;39;54;28;78;39;34;48;18;22;35;38;32;27;29;80;56;45;19;29;13;96;27;28;15;30;26;34;28;8;38;34;50;49;53;16;6;39;53;50;35;20;46;36;8;38;25;8;25;11;35;25;45;37;29;36;29
Klinte Grindløse IF;53;44;41;41;60;29;62;61;37;44;37;44;45;38;72;55;37;51;16;39;42;35;34;48;38;37;39;57;42;49;74;64;75;41;33;38;39;57;42;78;38;70;41;72;45;36;39;76;35;39;63;68;47;43;36;63;58;60;67;66;67;77;44;81;50;101;24;50;37;67;37;51;13;35;46;48;55;38;62;0;73;62;59;53;60;94;27;50;46;138;29;45;43;51;54;61;33;35;40;39;140;25;22;78;37;54;156;54;88;59;38;52;57;42;68;41;38;15;29;20;76;67;32;49;25;30;60;24;37;68;45;85;69;70;71;37;45;30;54;61;38;37
Korinth IF;30;51;36;40;24;51;42;46;39;33;39;36;37;43;33;46;42;39;67;42;37;42;56;36;57;42;41;56;35;48;35;39;21;54;44;40;37;24;36;12;39;32;37;33;34;40;39;12;55;40;32;29;32;54;40;24;34;36;27;26;32;36;32;15;64;62;58;31;39;17;44;43;64;51;60;53;49;43;22;74;0;13;17;39;48;55;49;64;38;100;49;44;58;27;24;45;48;42;37;39;101;66;55;38;39;20;87;37;49;24;40;29;44;38;29;41;44;60;59;63;37;17;49;63;60;45;31;56;46;29;35;47;30;36;32;45;35;55;30;40;44;40
Krarup Espe Fodbold;19;43;25;28;18;39;42;34;28;21;28;25;30;32;28;47;31;28;56;31;26;31;45;30;46;31;30;45;24;36;30;39;27;43;33;28;26;20;24;24;28;26;26;27;22;29;28;24;44;29;32;23;21;43;29;19;33;27;27;26;25;33;21;26;52;57;47;20;28;14;33;31;52;40;48;47;38;32;18;63;13;0;14;28;37;50;38;52;27;94;37;33;47;16;18;34;37;31;26;28;96;55;44;34;27;9;99;26;44;13;29;23;32;27;23;37;32;49;48;52;32;14;38;52;49;34;19;45;35;24;31;41;25;29;26;34;24;43;26;32;35;28
Kværndrup BK;17;41;23;26;25;37;53;32;26;20;26;23;28;30;18;50;29;26;54;29;24;29;43;30;44;29;28;43;22;34;20;50;21;41;31;27;24;31;22;28;26;16;24;18;20;27;26;28;42;27;43;14;19;41;27;10;40;22;38;37;18;19;19;31;50;47;45;18;26;9;31;29;50;38;46;45;36;30;8;61;18;14;0;26;35;40;36;50;25;84;35;31;45;15;18;32;35;29;24;26;86;53;42;21;25;10;102;24;34;12;27;23;30;25;14;35;30;47;46;50;22;9;36;50;47;32;17;43;33;14;35;31;15;22;17;32;22;41;34;26;33;26
Langeskov IF;17;35;14;18;28;30;50;13;19;14;19;18;23;25;40;45;24;8;49;24;19;22;38;27;39;24;23;31;17;25;41;50;43;36;24;20;17;32;17;46;20;38;19;39;14;18;20;44;37;19;43;35;13;36;20;28;37;16;41;40;21;34;15;49;45;69;40;19;19;35;26;13;43;33;41;40;18;25;30;54;41;30;27;0;13;61;28;45;11;106;30;21;40;19;22;18;28;22;17;21;108;48;34;40;17;22;124;9;56;27;22;24;9;20;35;30;25;39;39;45;44;35;29;45;41;25;16;37;28;36;32;53;37;24;38;27;17;36;31;17;28;20
Langtved SG & IF;26;44;19;22;37;37;59;8;26;23;27;27;32;33;49;54;33;12;58;33;28;29;46;36;47;33;32;23;26;17;50;59;52;45;32;28;25;41;26;55;28;47;27;48;22;25;28;53;46;26;52;44;22;45;27;31;45;24;50;49;24;36;23;57;54;77;49;28;26;44;34;11;50;42;50;49;10;33;39;61;50;38;36;13;0;70;35;54;17;115;39;21;49;28;31;18;35;29;25;29;117;57;41;42;24;31;132;18;64;35;30;32;8;28;44;38;34;46;45;54;47;44;36;53;48;32;24;44;37;45;40;62;45;26;47;36;26;45;40;17;37;26
Longelse Sp.;51;74;57;60;59;71;87;66;59;53;60;57;62;64;35;84;63;60;88;63;58;63;76;64;77;63;62;77;56;68;35;85;42;75;65;60;57;66;56;61;60;32;57;35;54;61;60;66;76;61;78;30;53;75;60;44;73;56;73;73;51;51;53;69;84;15;79;52;59;40;64;63;84;72;80;79;69;64;34;95;55;49;40;60;69;0;69;84;59;65;69;65;79;49;52;66;69;63;58;60;66;87;76;44;59;44;82;58;14;46;61;57;64;58;30;68;64;81;80;84;41;40;70;83;81;66;51;77;67;30;69;11;35;56;27;66;56;75;68;60;67;60
Lumby IF 88;27;34;16;15;34;9;51;36;11;18;11;19;24;12;46;44;12;25;28;13;17;10;36;28;38;12;13;31;16;23;48;51;49;35;8;12;13;35;16;52;12;45;16;46;20;10;13;51;34;13;44;42;21;35;10;37;38;35;44;43;41;51;18;55;44;75;26;24;11;41;11;25;18;15;40;39;29;12;37;27;48;36;34;28;34;68;0;44;20;113;20;20;39;26;29;35;9;10;14;13;114;35;10;53;12;29;130;28;62;33;13;27;32;17;42;28;24;12;14;26;50;41;7;43;17;5;34;13;12;43;30;60;43;45;45;18;20;20;32;35;27;12
MG & BK;43;25;44;47;47;37;35;52;44;40;40;41;35;38;62;34;35;45;36;38;33;44;18;36;15;35;34;64;34;55;63;41;65;16;40;41;41;45;40;67;39;60;33;61;41;45;38;65;23;48;46;57;40;23;43;53;41;53;49;49;58;67;40;70;0;91;30;40;44;57;35;49;54;35;8;26;55;38;52;50;63;52;49;46;55;83;45;0;44;128;28;52;14;40;43;51;41;44;39;36;130;28;49;68;46;44;146;47;78;49;36;39;50;33;57;28;25;41;53;30;66;57;45;9;39;42;49;36;33;58;33;75;59;61;60;29;36;34;41;52;24;43
Marslev G & IF;18;34;4;10;26;23;49;20;11;10;12;15;22;19;37;44;19;7;45;20;18;15;36;26;37;19;19;24;16;15;39;49;40;35;18;13;11;30;13;44;15;36;17;37;10;12;15;42;35;12;42;33;10;35;12;28;35;21;40;39;28;40;11;46;44;66;39;16;11;32;21;9;36;28;40;38;15;19;28;46;39;27;25;11;17;59;21;44;0;104;29;11;39;17;20;21;21;15;12;16;105;47;27;44;10;20;121;15;53;24;18;22;15;18;33;28;24;32;31;43;41;32;21;43;34;18;21;30;22;34;30;51;34;30;36;27;15;36;29;21;27;12
Marstal IF;96;119;102;105;104;116;132;111;104;98;105;101;107;109;80;129;108;104;133;108;103;108;121;109;122;108;107;121;101;113;80;130;87;120;110;105;102;111;101;91;105;77;102;80;99;105;105;96;120;106;123;75;98;120;105;89;118;101;118;117;96;96;98;99;129;72;124;96;104;84;109;108;129;117;125;123;114;109;79;140;100;94;85;105;114;65;114;129;103;0;114;110;124;94;97;111;114;108;102;104;4;132;120;89;104;89;19;102;55;91;106;102;109;103;75;113;109;125;124;128;86;84;115;128;126;111;96;122;112;75;114;54;80;101;72;111;100;120;112;105;112;105
Morud IF;29;18;29;28;33;13;34;38;24;26;22;27;20;21;47;27;17;31;23;22;19;23;19;21;21;17;19;44;20;36;49;37;50;19;19;23;25;29;25;53;22;46;18;47;27;23;22;51;16;26;36;43;26;19;23;38;31;39;39;39;44;52;25;56;28;76;14;26;24;42;16;35;28;11;24;22;41;21;38;30;48;37;35;31;40;69;20;28;30;114;0;33;22;25;28;37;17;23;24;21;115;25;23;54;25;30;131;32;63;34;20;25;36;19;43;13;11;15;27;19;51;42;24;27;13;20;35;10;14;44;17;61;44;46;46;11;21;8;26;37;10;24
Munkebo BK;24;41;13;9;32;23;56;24;13;16;14;20;28;22;43;50;21;14;44;23;24;14;43;32;44;21;23;14;22;5;45;56;46;41;18;16;15;37;18;49;18;41;24;43;15;11;19;47;42;11;48;39;18;41;12;34;42;32;47;46;37;48;17;52;51;72;43;22;13;38;21;12;36;28;47;45;11;22;34;46;44;33;31;21;21;65;21;51;11;109;33;0;45;22;25;30;20;14;16;21;111;52;27;50;9;26;127;25;59;30;22;29;22;25;39;35;31;32;31;43;47;38;21;50;34;17;31;30;22;39;37;56;40;40;42;29;22;36;36;31;33;13
Nr. Aaby IK;37;19;38;41;41;31;27;46;38;34;34;35;29;32;55;26;29;39;29;32;27;37;11;30;7;29;28;57;28;49;57;33;59;10;34;35;35;38;33;61;33;54;27;55;35;39;32;59;16;41;38;51;34;16;37;46;35;47;40;42;52;60;34;64;14;84;24;34;38;51;29;43;48;29;10;18;49;32;46;43;57;45;43;40;48;77;39;14;38;122;22;46;0;34;36;45;35;37;33;30;123;21;43;62;40;38;139;41;71;42;29;33;44;27;51;22;19;34;47;24;59;51;39;14;33;35;43;30;27;52;26;69;52;55;54;23;29;28;35;45;18;37
Nr. Lyndelse / Søby F.C.;9;30;15;19;14;28;39;25;18;12;18;15;17;19;28;38;18;18;44;18;14;22;32;16;33;18;18;35;11;27;30;39;31;31;21;19;16;18;15;31;17;26;13;28;13;19;16;29;31;19;32;24;11;31;19;19;26;22;28;27;25;33;11;34;40;57;35;9;18;23;20;22;42;28;36;35;28;19;18;53;27;16;15;18;27;50;27;40;17;94;25;23;35;0;7;24;26;22;16;15;96;43;34;35;18;10;106;16;44;15;16;9;23;14;24;24;20;38;38;40;32;23;28;39;37;24;16;33;23;24;21;41;25;30;27;22;13;31;20;24;23;19
Nr. Søby BK;12;33;18;21;10;31;40;27;21;15;21;18;18;22;31;40;21;21;47;21;17;24;35;17;36;21;21;38;14;29;32;37;34;34;24;22;19;16;17;28;20;29;16;30;15;22;19;26;34;22;30;26;14;34;22;22;27;25;25;24;28;35;14;30;43;60;38;12;21;26;23;24;45;31;39;37;31;22;21;56;24;18;18;21;30;52;31;43;20;97;28;26;38;7;0;27;28;24;19;18;99;46;37;37;20;13;103;19;47;18;19;10;25;17;26;27;23;41;41;42;35;26;31;42;39;27;18;36;26;27;23;44;28;33;29;25;16;34;21;27;26;21
Nyborg G & IF;26;41;22;25;34;37;56;10;26;19;27;24;28;30;39;51;30;17;55;30;24;29;43;33;44;30;29;35;23;29;47;56;48;42;32;27;24;37;23;51;27;38;24;39;19;26;26;49;42;26;48;41;18;42;27;24;42;20;47;46;17;22;20;54;51;74;45;25;26;40;31;23;50;39;47;45;23;30;35;61;46;35;32;18;17;67;36;51;20;111;36;30;45;24;28;0;35;29;24;26;113;53;42;29;24;28;129;19;61;28;27;29;13;25;41;35;31;47;46;50;33;40;36;50;47;32;22;44;34;40;37;58;36;13;44;33;22;42;36;10;34;27
Næsby BK;28;31;17;16;33;6;48;36;12;19;11;19;20;12;47;41;9;26;28;13;15;10;33;26;34;9;11;32;15;24;49;50;50;32;8;12;14;34;17;53;12;45;14;47;20;11;13;51;31;14;43;43;22;32;11;38;36;35;42;42;42;52;19;56;41;76;26;24;12;42;8;26;25;11;37;36;30;12;38;33;48;37;35;28;35;69;9;41;21;113;17;21;36;25;28;36;0;10;15;13;115;35;16;54;12;30;131;29;63;34;11;26;33;15;43;25;20;18;20;26;51;42;10;40;17;8;35;13;9;43;27;60;44;45;46;14;19;19;30;36;24;12
OB Q;22;34;11;10;30;12;50;30;6;13;6;13;22;11;41;44;10;20;34;12;15;0;36;27;37;10;12;26;15;18;43;50;44;35;8;8;8;33;11;47;8;39;14;41;14;5;11;45;35;8;43;37;16;35;5;32;36;29;42;42;36;46;13;50;44;70;33;19;6;36;11;20;25;18;40;38;24;11;32;36;42;31;28;22;29;63;11;44;15;107;22;14;38;20;23;30;10;0;9;11;109;41;17;48;6;23;125;23;57;28;11;25;26;15;37;27;23;22;21;33;45;36;11;43;23;7;29;20;12;37;29;54;38;39;40;19;16;25;31;30;27;6
OKS;17;29;8;11;24;17;44;25;5;8;4;7;16;9;35;39;8;15;39;9;9;9;31;21;32;8;9;28;8;19;37;44;39;30;9;5;2;25;4;42;4;34;10;35;9;7;3;40;30;9;36;31;10;30;6;26;30;24;35;34;31;40;7;44;39;64;33;13;5;31;10;17;30;19;35;33;23;9;26;41;37;25;23;17;25;57;15;39;12;102;24;16;33;15;18;25;15;9;0;6;103;41;21;42;8;18;119;17;51;22;7;17;21;11;31;23;19;26;25;37;39;31;16;38;28;12;23;24;14;32;25;49;32;34;34;16;8;30;24;25;22;6
Odense Boldklub;19;25;12;17;23;15;40;28;11;11;7;10;13;6;37;35;5;19;37;5;6;12;27;17;29;5;5;33;5;25;39;40;40;26;8;8;8;23;8;43;4;36;6;37;12;12;4;41;27;15;33;33;14;26;10;28;27;28;33;32;34;42;11;45;35;66;30;14;11;32;8;21;29;17;31;30;27;6;28;39;38;27;25;21;29;59;14;35;17;104;20;21;30;15;18;27;13;12;6;0;105;38;20;44;13;20;121;21;53;24;4;15;26;8;33;20;15;25;24;35;41;32;14;35;26;11;25;22;10;33;22;51;34;36;36;13;8;26;21;27;18;10
Ommel BK;98;121;103;107;105;118;134;113;106;100;106;103;108;110;82;131;109;106;135;109;104;110;123;110;124;110;109;123;102;115;82;132;89;122;111;107;104;112;103;93;107;79;104;81;101;107;106;98;122;107;125;77;99;122;107;90;120;102;120;119;98;98;99;100;131;73;125;98;106;86;111;110;131;118;127;125;116;110;80;141;102;96;86;106;115;67;116;131;105;4;116;111;125;96;99;112;115;110;104;106;0;133;122;91;106;91;20;104;56;93;107;103;111;105;77;115;111;127;126;130;88;86;116;130;127;113;98;123;114;77;116;56;81;102;74;112;102;122;114;107;114;107
Ore Sogns GF;46;28;47;47;50;31;41;55;43;43;42;44;38;41;65;40;38;48;11;41;36;41;12;39;16;38;37;63;37;55;66;47;68;19;39;43;44;47;42;70;42;63;36;64;44;42;41;68;17;45;49;60;43;25;42;56;44;56;53;52;61;69;43;73;28;93;11;43;43;60;38;52;32;35;24;32;58;41;55;25;66;54;52;49;57;86;35;28;47;131;25;52;21;43;45;54;35;41;42;39;133;0;38;71;43;47;148;50;80;51;39;42;53;36;60;31;28;28;42;10;68;60;40;27;19;38;52;26;36;61;35;78;61;64;63;32;39;23;44;54;27;43
Otterup Bold- og Idrætsklub;34;38;23;22;41;17;55;43;18;25;18;25;31;19;53;48;19;32;28;20;24;16;40;35;42;19;20;38;23;30;55;57;56;39;15;19;20;42;23;59;19;51;22;53;26;17;20;57;36;20;51;49;28;39;17;44;45;42;51;50;48;58;25;62;49;82;29;31;18;48;18;32;11;23;45;43;36;19;44;22;54;43;41;34;41;75;10;49;27;120;23;27;43;32;36;42;16;16;21;20;121;37;0;60;18;36;137;35;69;40;20;34;39;24;49;34;30;12;9;29;57;48;14;48;19;11;41;16;19;49;37;66;50;51;52;25;27;23;39;42;31;18
Oure Fodbold Akademi;35;59;41;45;43;56;71;36;44;38;44;41;46;48;12;68;47;43;72;47;42;47;61;48;62;47;47;61;40;53;24;69;26;59;49;45;42;50;41;44;44;12;42;12;39;45;44;49;60;45;63;18;37;59;45;25;58;28;58;57;23;9;37;51;69;51;63;36;44;24;49;47;69;56;65;63;49;48;18;79;38;34;21;40;42;44;54;69;43;88;54;49;63;34;37;29;53;47;42;44;90;71;60;0;44;28;106;34;38;30;45;41;36;43;18;53;49;65;64;68;5;24;54;68;65;50;36;61;52;14;54;35;13;17;21;50;40;60;52;28;51;45
PDIF;19;35;6;5;26;14;50;26;5;10;6;12;23;14;38;45;13;15;36;14;17;6;37;27;38;13;15;21;15;13;39;50;41;36;10;8;7;31;10;44;9;36;17;37;10;3;11;42;36;3;43;33;12;36;4;29;36;26;41;40;32;42;12;46;45;67;35;16;5;33;13;15;27;20;41;40;19;14;28;38;39;27;25;17;24;59;13;45;10;104;25;10;40;17;20;25;12;6;8;13;106;43;19;44;0;20;121;20;54;25;14;23;22;18;33;29;25;24;23;35;41;33;13;44;25;9;25;22;14;34;31;51;34;34;36;21;15;27;31;25;28;5
Ringe BK;12;36;18;22;19;33;47;28;21;15;21;18;23;25;22;45;24;21;49;24;19;24;38;25;39;24;24;38;17;29;24;44;25;36;26;22;19;25;17;31;21;21;19;22;15;22;21;29;37;22;38;18;14;36;22;13;35;21;33;32;19;27;14;34;46;51;40;13;21;17;26;24;46;33;42;40;31;25;13;56;20;9;10;21;30;44;31;46;20;89;31;26;40;10;14;27;30;24;19;21;90;48;37;29;21;0;106;19;38;8;22;18;26;20;18;30;26;42;41;45;26;17;31;45;42;27;13;38;28;19;31;36;19;24;21;27;17;37;29;27;28;22
Rise S & IF;114;127;119;123;104;134;118;129;122;116;122;119;116;126;98;123;125;122;150;125;120;126;139;114;140;125;125;139;118;131;98;115;95;137;127;123;120;101;119;78;122;95;120;97;117;123;122;83;138;123;108;93;115;137;123;106;110;118;103;102;114;114;115;86;147;89;141;114;122;102;127;126;147;134;143;129;132;126;96;157;88;99;102;122;131;83;132;147;121;18;132;127;141;106;103;128;131;126;120;122;20;149;138;107;122;106;0;120;72;109;123;108;127;121;93;119;127;143;142;146;104;102;132;146;143;129;114;139;130;93;113;72;97;118;90;128;118;138;107;123;121;123
Rolfsted IF;9;36;17;20;25;31;51;18;19;13;20;16;24;25;36;46;25;12;50;25;20;23;38;28;39;25;24;35;18;28;38;51;39;37;25;20;17;31;16;42;20;34;19;36;14;20;20;40;37;21;44;32;9;37;20;20;37;7;41;40;14;28;13;45;46;65;41;13;19;31;26;18;44;34;42;41;22;25;26;55;37;25;23;9;18;58;29;46;15;102;31;25;41;15;19;19;29;23;17;21;104;49;35;34;19;19;120;0;52;19;22;23;13;20;32;30;26;40;39;46;38;31;30;45;42;26;7;38;29;32;32;49;33;18;35;28;18;37;32;15;29;20
Rudkøbing BK;45;69;51;54;53;65;81;60;54;48;54;51;56;58;29;78;57;54;82;57;52;57;71;58;72;57;56;71;50;62;29;79;36;69;59;55;52;60;50;55;54;27;52;29;48;55;54;60;70;55;73;24;47;69;55;38;68;50;68;67;46;46;47;63;78;20;73;46;54;34;59;57;78;66;74;73;64;58;28;89;49;44;34;54;63;14;64;78;53;55;63;59;73;43;46;60;63;57;52;54;56;81;70;38;53;38;72;52;0;40;55;51;58;53;24;63;58;75;74;78;36;34;64;78;75;60;45;71;61;25;63;3;29;50;21;60;50;69;62;54;61;54
Ryslinge BK;16;39;22;25;24;36;52;28;24;18;25;21;27;29;25;49;28;24;53;28;23;28;41;29;42;28;27;41;21;33;27;49;28;40;30;25;22;30;21;35;25;23;22;24;19;25;25;34;40;26;43;21;18;40;25;8;38;17;38;37;14;29;18;38;49;54;44;16;24;20;29;28;49;37;45;43;34;29;15;60;25;13;12;25;34;47;34;49;23;91;34;30;44;14;17;28;34;28;22;24;93;52;40;31;24;8;109;19;41;0;26;22;28;23;21;33;29;45;44;48;29;20;35;48;45;31;13;42;32;21;34;38;22;19;23;31;20;40;32;22;32;25
Røde Stjerne;21;27;14;17;25;14;41;29;13;13;8;12;14;5;39;36;5;21;36;4;6;11;29;18;30;5;4;33;7;25;41;41;42;27;7;8;9;25;9;44;6;37;5;39;14;13;6;42;28;15;34;35;16;27;10;30;28;29;33;33;36;44;13;47;37;68;31;16;13;34;6;23;28;15;32;31;29;5;30;39;40;29;26;23;31;61;13;37;18;105;20;22;31;17;20;29;12;11;8;4;107;39;19;46;14;21;123;23;55;26;0;17;27;7;35;20;16;24;24;34;43;34;14;36;25;10;27;21;9;35;22;52;36;38;38;11;10;26;22;29;19;11
S.K.F.I.F.;17;29;22;25;10;25;31;30;22;18;20;19;8;19;35;30;19;23;43;19;13;25;32;8;33;19;18;41;12;33;37;31;38;30;22;20;19;10;17;33;18;33;13;35;19;23;17;31;31;26;24;31;18;30;22;26;17;30;20;19;33;40;17;36;40;64;34;14;22;30;20;27;43;23;36;31;33;19;26;52;29;23;23;23;32;57;28;40;22;101;25;30;34;9;10;29;26;25;17;15;103;42;34;42;24;18;108;23;51;22;16;0;28;10;31;18;20;37;38;39;39;30;28;39;36;24;23;32;21;31;13;48;32;37;34;18;13;31;12;29;21;23
SUB Ullerslev;21;40;19;22;33;35;55;7;23;18;24;23;27;29;42;50;29;12;54;28;23;26;42;31;43;29;28;26;22;20;46;55;47;41;29;24;21;36;22;50;24;42;23;42;18;23;24;48;41;23;47;40;17;41;24;24;41;17;46;45;17;29;19;53;50;73;44;23;23;39;30;12;48;37;46;44;13;29;35;58;45;34;32;9;8;66;33;50;15;110;35;22;44;23;26;14;32;26;21;25;112;52;39;36;21;27;128;13;60;28;26;28;0;24;40;34;30;44;43;49;40;39;33;49;46;29;17;42;33;40;36;57;39;20;43;31;21;41;35;13;33;24
Sanderum BK;17;23;17;21;18;18;35;26;16;14;12;15;7;9;35;33;8;19;37;8;4;16;25;11;26;8;7;37;7;29;37;35;38;24;12;13;13;18;13;41;10;34;3;35;15;17;10;39;24;20;27;31;14;24;15;26;21;27;27;26;32;40;14;44;33;64;27;14;16;30;10;23;33;16;29;27;29;9;26;43;37;25;23;20;28;57;18;33;18;102;18;26;27;13;16;25;15;16;11;8;103;35;24;42;18;18;119;20;51;22;6;10;24;0;31;17;13;29;28;32;39;30;18;32;29;14;23;25;11;32;17;49;32;35;34;11;9;24;15;25;16;15
SfB;25;48;31;34;33;45;61;40;34;27;34;31;36;38;9;58;37;34;62;37;32;37;50;38;51;37;36;51;30;42;7;59;14;49;39;34;31;40;30;32;34;7;31;9;28;35;34;39;50;35;53;0;27;49;34;18;47;30;48;47;26;25;27;42;58;37;53;26;34;14;39;37;58;46;54;53;43;38;8;69;29;24;14;34;43;30;43;58;33;74;43;39;53;23;26;40;43;37;32;34;76;61;50;18;33;18;92;32;24;20;35;31;38;32;0;42;38;55;54;58;15;14;44;57;55;40;25;51;41;4;43;21;9;30;7;40;30;49;42;34;41;34
Skalbjerg BK;27;13;28;31;25;21;27;36;28;24;24;25;14;21;46;20;19;29;31;22;17;27;20;11;21;19;18;47;18;39;47;30;49;19;23;24;25;19;24;43;23;44;17;45;25;28;22;41;18;31;29;41;24;18;26;37;23;37;28;28;42;50;24;47;28;74;22;24;28;41;19;33;39;18;24;17;39;21;36;41;41;35;33;30;38;67;29;28;28;112;13;36;23;24;26;35;24;27;23;20;114;31;34;52;29;28;118;31;61;32;19;18;34;17;41;0;8;26;38;26;49;41;29;27;25;25;33;21;17;42;7;59;42;45;44;12;20;19;16;35;4;27
Skallebølle Sportsklub;23;14;24;27;27;17;31;32;24;20;20;21;15;17;42;24;15;25;29;17;13;23;18;13;19;15;14;43;14;35;43;33;45;16;19;20;21;22;19;47;19;40;13;41;21;24;18;45;17;27;32;37;20;16;22;33;26;33;32;31;38;46;20;50;26;70;20;20;24;37;15;29;36;14;22;19;35;17;32;38;43;31;29;26;34;63;25;26;24;108;10;32;20;20;22;31;20;23;19;16;110;28;31;48;25;24;125;27;57;28;15;19;30;13;37;8;0;23;35;25;45;37;25;25;22;21;29;18;13;38;10;55;38;41;40;8;16;16;19;31;7;23
Skamby BK;39;30;27;26;45;14;47;47;22;30;22;30;30;23;57;40;23;37;19;24;28;21;32;33;33;23;25;43;28;34;59;49;60;31;19;23;24;42;27;64;24;56;27;57;31;22;25;62;28;24;48;53;32;31;22;48;43;46;51;51;53;62;29;66;40;86;20;35;22;52;22;37;14;19;36;35;40;23;48;15;59;47;45;39;45;79;13;40;31;124;14;31;35;37;40;46;18;21;25;24;125;28;12;64;23;40;141;39;73;44;24;37;43;28;53;26;23;0;19;20;61;52;18;39;11;16;45;9;22;54;30;71;54;56;56;22;31;15;39;46;23;23
Skeby GF;39;43;28;27;46;22;60;48;23;30;23;30;36;24;58;53;24;37;35;25;29;21;45;40;47;24;25;43;28;35;60;63;61;44;20;24;25;47;28;64;24;56;27;58;31;22;25;62;41;25;56;54;33;44;22;49;50;47;56;55;53;63;30;67;54;87;34;36;23;53;23;37;17;28;50;48;41;24;49;29;59;48;46;39;46;80;15;54;32;125;28;32;48;37;41;47;21;21;26;25;126;42;9;65;23;41;142;40;74;45;25;39;44;29;54;39;36;20;0;34;62;53;19;53;24;16;46;21;24;54;42;71;55;56;57;30;32;28;44;47;36;23
Skovby GF;43;25;39;38;47;22;43;52;34;40;33;41;35;35;62;37;32;45;6;36;33;33;15;36;18;32;33;54;34;46;63;47;65;21;30;34;36;44;39;67;35;60;33;61;41;34;36;65;17;36;46;57;40;25;34;53;41;53;50;49;58;66;40;70;30;90;5;40;34;57;30;49;27;28;26;29;52;35;52;20;63;51;49;46;54;83;26;30;43;128;19;43;24;40;42;51;26;33;37;35;130;10;29;68;35;44;145;47;77;48;34;39;50;33;57;27;25;20;33;0;65;57;31;29;10;29;49;17;30;58;32;75;58;61;60;28;36;17;41;51;23;35
Skårup IF;33;56;38;42;40;53;69;40;41;35;41;38;43;45;9;66;45;41;70;44;39;45;58;45;59;45;44;58;38;50;21;67;23;57;46;42;39;47;38;41;42;9;39;9;36;42;41;47;57;42;60;15;34;57;42;25;55;32;55;54;27;13;34;50;66;48;60;33;41;21;46;45;66;53;62;60;51;45;15;76;37;31;21;42;47;41;51;66;40;86;51;46;60;31;34;33;51;45;39;41;87;68;57;5;41;26;103;38;35;28;42;38;40;40;15;50;46;62;61;65;0;21;51;65;62;48;33;59;49;11;51;32;10;21;18;47;37;57;49;32;49;42
Stenstrup IF;25;48;31;34;29;45;52;40;33;27;34;30;35;37;18;57;37;33;62;37;31;37;50;38;51;37;36;50;30;42;20;50;16;49;39;34;31;30;30;28;34;16;31;18;28;34;34;28;49;35;43;14;27;49;34;18;44;29;38;37;25;25;27;31;58;47;53;25;33;0;38;37;58;46;54;52;43;37;6;69;17;14;9;34;42;40;43;58;32;84;43;39;53;23;26;39;43;37;31;33;86;61;49;24;33;18;102;31;34;20;35;31;38;32;14;42;38;54;53;57;22;0;44;57;54;40;25;51;41;14;42;31;14;30;17;40;29;49;36;34;41;34
Stige Boldklub 2017;29;36;17;17;36;14;53;37;13;20;13;20;25;14;48;46;13;27;33;15;18;11;38;30;39;13;15;33;18;25;50;53;51;37;9;14;15;36;18;54;14;46;17;48;21;12;15;52;37;15;46;44;23;37;12;39;39;36;45;45;43;53;20;57;46;77;31;26;13;43;13;27;22;19;42;40;31;14;38;32;49;38;35;29;36;70;7;46;22;114;24;21;40;27;30;37;10;11;16;15;116;40;14;54;13;30;132;30;64;35;14;28;33;18;44;29;25;18;18;31;52;43;0;45;22;6;36;19;13;44;31;61;45;46;47;21;21;26;34;37;29;13
Strib IF;43;25;44;47;47;37;38;52;44;40;40;41;35;38;62;38;35;45;35;38;33;44;18;36;15;35;34;64;34;55;63;44;65;16;40;41;41;45;40;67;39;60;33;61;41;45;38;65;23;48;46;57;40;23;43;53;41;53;50;49;58;67;40;70;9;91;30;40;44;57;35;49;54;35;10;29;55;38;52;49;63;52;49;46;55;83;45;9;44;128;28;52;15;40;43;51;41;44;39;36;130;27;49;68;46;44;146;47;78;49;36;39;50;33;57;28;25;41;53;30;66;57;45;0;39;42;49;36;33;58;33;75;59;61;60;29;36;34;41;52;24;43
Særslev BK;40;29;30;29;43;13;46;49;25;32;24;32;29;25;58;39;22;39;12;26;28;23;25;32;28;22;24;45;28;37;60;48;62;30;21;25;27;41;30;64;26;57;27;58;33;24;26;62;22;27;47;54;35;29;24;49;42;49;50;50;55;63;32;67;39;87;10;37;25;54;21;39;25;18;35;33;43;25;49;25;60;48;46;41;48;80;17;39;34;125;13;34;34;37;39;48;17;23;28;26;126;19;20;65;25;41;142;42;74;45;25;36;46;28;54;25;22;11;24;10;62;54;22;38;0;20;46;8;21;55;29;72;55;58;57;21;32;11;37;48;22;25
Søhus IF;25;32;14;13;32;10;49;34;9;16;9;16;21;10;44;42;9;23;32;11;15;7;34;26;35;9;11;29;14;21;46;49;47;33;6;10;11;33;14;50;10;42;13;44;17;8;11;48;33;11;42;40;19;33;8;35;36;33;42;41;39;49;16;53;42;73;30;22;9;39;9;23;20;15;38;37;27;10;35;31;45;34;32;25;32;66;5;42;18;111;20;18;37;23;27;33;8;7;12;11;112;39;12;51;9;27;128;26;60;31;11;25;30;15;40;26;21;17;16;30;48;39;5;41;21;0;32;18;10;40;28;57;41;42;43;17;18;23;30;33;25;9
Søllinge Sport og Fritid;10;40;23;26;24;37;53;21;26;19;26;23;28;30;29;50;29;19;54;29;24;29;42;30;44;29;28;41;22;34;31;51;32;41;31;26;24;30;22;41;26;28;24;29;20;27;26;39;42;27;45;25;16;41;27;18;39;9;40;39;15;29;19;44;50;58;45;16;26;24;31;24;50;38;46;45;29;30;20;61;30;19;17;16;24;51;36;50;21;96;35;31;45;15;18;23;35;29;24;26;97;53;42;36;25;13;113;7;45;13;27;23;17;24;25;35;30;47;46;50;33;24;36;49;47;32;0;43;33;26;35;43;26;20;28;32;21;41;34;18;33;26
Søndersø BK;37;25;26;26;40;9;42;45;22;29;21;29;25;22;55;35;19;36;19;23;25;20;27;28;29;19;21;42;25;33;57;44;58;26;18;22;23;37;27;61;22;53;24;55;30;21;23;59;23;24;43;51;31;26;21;46;39;45;47;46;52;60;29;63;36;84;17;34;22;50;18;36;21;15;32;30;39;22;46;24;56;45;43;38;45;77;14;36;30;121;10;30;30;33;36;45;13;20;24;23;123;26;16;62;22;38;139;39;71;42;21;33;42;25;51;21;18;9;21;17;59;50;19;35;8;17;43;0;17;51;25;68;52;54;54;17;28;10;34;45;18;22
Tarup/Paarup IF;26;24;19;18;29;10;41;35;14;19;12;18;14;11;45;34;7;27;32;11;12;12;26;20;27;7;7;34;13;26;47;43;48;25;9;12;15;29;15;50;12;43;11;45;20;13;12;48;25;16;38;41;22;25;13;36;32;35;37;37;42;50;19;53;34;74;27;22;14;40;6;28;28;10;30;28;32;11;35;37;46;35;32;29;37;67;13;34;23;111;15;23;28;23;26;35;9;12;14;10;113;36;20;51;14;27;129;29;61;32;9;22;33;12;41;17;13;22;24;30;49;40;14;33;21;10;33;17;0;41;19;58;42;44;44;9;16;20;26;35;17;14
Thurø BK af 1920;25;49;31;34;33;45;61;40;34;28;34;31;36;38;5;58;37;34;62;37;32;37;51;38;52;37;36;51;30;42;10;59;16;49;39;35;32;40;30;34;34;2;32;4;28;35;34;40;50;35;53;4;27;49;35;18;48;30;48;47;26;22;27;43;59;38;53;26;34;14;39;37;59;46;55;53;44;38;8;69;29;24;14;34;43;30;44;59;33;75;43;39;53;23;27;40;43;37;32;34;77;61;50;14;34;18;92;32;25;20;35;31;39;33;4;43;39;55;54;58;11;14;44;58;55;40;25;51;41;0;43;22;6;28;7;40;30;50;42;34;41;34
Tommerup BK;29;18;30;33;21;23;28;38;30;26;26;27;13;23;47;21;21;31;36;23;19;29;25;8;26;21;19;49;20;41;49;30;50;24;25;26;27;13;25;37;25;46;19;47;27;30;24;35;24;33;23;43;26;23;28;38;16;39;22;22;44;52;26;41;33;76;27;26;30;42;21;35;43;20;29;22;41;23;38;45;35;31;35;32;40;69;31;33;30;114;17;38;28;21;23;37;26;29;25;22;115;36;37;54;31;30;112;33;63;34;21;13;36;17;43;7;10;30;41;32;51;42;31;32;29;27;35;25;19;44;0;61;44;47;46;14;22;23;9;37;9;29
Tranekær/Tullebølle IF;43;66;48;52;50;63;79;58;51;45;51;48;53;55;27;76;54;51;80;54;49;55;68;55;69;55;54;68;47;60;27;77;34;67;56;52;49;57;48;52;52;24;49;26;46;52;51;57;67;52;70;22;44;67;52;35;65;47;65;64;43;43;44;60;76;18;70;43;51;31;56;55;76;63;72;70;61;55;25;86;47;41;31;51;60;11;61;76;50;54;61;56;70;41;44;57;60;55;49;51;56;78;67;36;51;36;71;49;4;38;52;48;56;50;22;60;56;72;71;75;33;31;61;75;72;58;43;68;59;22;61;0;26;47;19;57;47;67;59;52;59;52
Tved BK;26;49;32;35;34;46;62;39;34;28;35;31;37;39;6;59;38;34;63;38;33;38;51;39;52;38;37;51;31;43;14;60;16;50;40;35;32;41;31;35;35;5;32;6;29;35;35;41;50;36;53;8;28;50;35;19;48;28;48;47;23;17;28;44;59;41;54;26;34;14;39;38;59;47;55;54;44;39;9;70;30;24;15;35;44;34;44;59;33;79;44;40;54;24;27;36;44;38;32;35;81;62;50;13;34;19;96;32;28;21;36;32;39;33;8;43;39;55;55;59;10;14;45;58;56;41;26;52;42;6;44;26;0;24;11;41;31;50;42;33;42;35
Tårup IF;27;51;31;35;39;47;65;20;36;29;36;33;38;40;27;60;39;27;64;39;34;39;53;42;54;39;38;45;32;39;37;65;38;51;41;37;34;46;33;47;36;26;34;26;29;35;36;47;52;35;58;30;27;51;37;13;52;12;53;52;6;10;30;50;61;64;55;30;36;30;41;30;60;48;57;55;33;40;25;71;36;29;22;24;26;57;45;61;30;101;45;39;55;29;32;14;45;39;34;36;103;63;51;16;34;24;119;18;51;19;37;37;20;35;30;45;41;56;55;60;20;30;46;60;57;42;20;53;43;28;47;48;24;0;33;42;32;52;46;12;43;37
Tåsinge f. B.;28;51;34;37;35;48;64;43;36;30;37;33;39;41;12;61;40;36;65;40;35;40;53;41;54;40;39;53;33;45;12;62;19;52;42;37;34;43;33;37;37;9;34;12;31;37;37;43;52;38;55;7;30;52;37;21;50;33;50;49;28;28;30;45;61;34;56;28;36;16;41;40;61;49;57;55;46;41;10;72;32;26;17;37;46;27;46;61;35;72;46;42;56;26;29;42;46;40;34;36;73;64;52;21;36;21;89;34;21;23;38;34;41;35;7;45;41;57;56;60;18;16;47;60;57;43;28;54;44;7;46;19;12;33;0;43;32;52;44;37;44;37
Ubberud IF;25;19;22;25;25;10;36;34;21;21;15;20;10;13;44;29;10;29;32;13;12;19;21;16;22;10;9;41;15;33;46;38;47;20;15;16;18;25;17;49;14;42;11;44;22;20;14;48;20;23;34;40;22;20;18;35;27;35;33;33;41;49;21;52;29;73;23;23;21;39;10;31;30;8;25;23;37;13;34;37;45;34;31;28;37;66;18;29;26;110;11;29;24;22;25;34;14;19;16;13;112;32;25;51;21;26;128;29;60;31;11;18;32;11;40;12;8;22;29;28;48;39;21;28;21;17;32;17;9;40;14;57;41;43;43;0;18;17;22;34;12;19
University College Lillebælt Football Club;13;26;14;19;21;21;41;25;13;11;11;10;14;13;34;36;12;18;40;12;10;16;28;18;29;12;11;35;7;27;36;41;37;27;15;10;10;22;9;41;9;33;9;34;12;14;9;39;27;17;34;30;13;27;13;25;27;25;32;31;31;39;11;43;36;63;31;8;13;29;14;22;36;23;32;30;28;13;25;47;36;24;22;19;27;56;21;36;17;101;21;24;31;13;16;24;19;16;8;9;102;39;27;41;15;17;118;19;50;21;10;14;23;10;30;20;16;32;31;35;38;29;22;35;32;18;21;29;16;31;22;48;31;34;33;18;0;27;21;24;19;14
Veflinge G & IF;35;24;32;31;39;15;40;44;27;32;27;33;26;27;53;33;23;37;20;28;25;26;22;27;27;23;25;48;26;39;55;43;56;25;23;28;29;35;31;59;28;52;24;53;33;27;28;57;18;30;42;49;32;24;27;44;37;45;45;45;50;58;31;62;34;82;12;32;27;48;22;41;29;17;30;28;45;27;44;30;55;43;41;37;46;75;21;34;36;120;8;36;28;31;34;43;19;26;30;27;121;23;24;60;28;36;137;38;69;40;25;31;42;25;49;19;17;15;28;17;57;48;26;33;11;24;41;10;20;50;23;67;50;53;52;17;27;0;32;43;16;28
Verninge IF;27;25;29;32;16;29;22;37;29;25;26;26;13;25;46;23;24;30;45;24;18;31;34;11;35;24;22;48;19;40;48;22;48;33;27;27;26;7;25;32;24;44;17;45;26;30;23;30;33;33;15;41;25;32;29;37;8;38;14;14;43;51;25;35;42;75;36;25;29;36;25;34;48;27;38;27;40;25;36;54;30;25;33;31;40;68;33;42;29;112;26;37;37;20;21;36;31;31;24;21;114;45;39;52;31;28;107;32;62;33;21;12;35;15;41;16;19;39;43;41;50;36;33;41;37;30;33;34;26;42;9;59;43;46;44;22;21;32;0;37;18;30
Vindinge BK;23;41;22;25;34;38;56;10;26;20;27;24;29;31;36;51;30;18;55;30;25;29;43;33;44;30;29;35;23;30;41;56;42;42;32;27;24;37;24;51;27;35;24;36;19;26;27;50;42;26;49;35;19;42;27;18;42;14;47;46;11;21;20;54;51;68;46;25;26;34;31;23;51;39;47;46;23;31;29;61;41;32;26;17;17;61;36;51;20;105;36;30;46;25;28;11;35;29;25;27;107;54;42;28;24;27;123;14;55;22;28;29;13;25;35;35;31;47;46;51;32;34;36;50;48;32;18;44;34;35;37;52;33;12;38;33;23;42;37;0;34;27
Vissenbjerg G & IF;26;9;27;30;28;20;26;35;27;23;23;24;17;20;44;19;18;28;27;21;16;26;16;13;17;18;17;46;17;38;46;28;47;15;22;24;24;21;22;46;22;43;15;44;24;27;21;44;15;30;27;40;23;14;25;35;22;36;31;30;41;49;23;49;24;73;18;23;27;39;18;32;36;17;20;14;38;20;35;38;44;34;32;28;37;66;28;24;27;111;10;35;19;22;25;34;23;26;22;19;112;27;31;51;28;27;121;29;60;31;18;21;33;16;40;4;7;23;35;23;48;39;28;23;22;24;32;18;16;41;9;58;41;44;43;11;18;16;18;34;0;26
ØB;19;34;8;8;27;14;49;28;4;10;3;10;21;11;38;43;10;18;36;12;14;6;36;25;37;10;12;25;13;16;40;49;41;34;9;5;5;31;8;44;7;36;14;38;11;4;8;42;35;7;41;34;13;34;1;29;35;27;41;40;33;43;10;47;44;67;35;16;4;33;13;18;27;20;40;38;22;11;29;38;39;28;26;20;26;60;12;44;12;105;24;13;38;17;21;28;12;6;6;10;106;43;19;45;5;21;122;20;54;25;11;23;24;15;34;27;23;24;23;35;42;33;13;43;25;9;26;22;14;34;29;51;35;37;37;19;13;27;29;28;26;0
